{
  "results": [
    {
      "command": "./flex_a_and_asb < '../src/main/scala/com/ziplex/benchmark/res/as/12500.txt' > /dev/null",
      "mean": 0.38181367308,
      "stddev": 0.00043982280024459247,
      "median": 0.38181479898000004,
      "user": 0.37937464,
      "system": 0.00224432,
      "min": 0.38102064998,
      "max": 0.38243865598000004,
      "times": [
        0.38243865598000004,
        0.38198255198000003,
        0.38228021498000003,
        0.38222888398000004,
        0.38170179798000003,
        0.38147515498,
        0.38192779998000004,
        0.38102064998,
        0.38162283598,
        0.38145818498000006
      ],
      "memory_usage_byte": [
        2359296,
        2359296,
        2359296,
        2359296,
        2359296,
        2359296,
        2359296,
        2359296,
        2359296,
        2359296
      ],
      "exit_codes": [
        0,
        0,
        0,
        0,
        0,
        0,
        0,
        0,
        0,
        0
      ]
    }
  ]
}
