{
  "results": [
    {
      "command": "./flex_a_and_asb < '../src/main/scala/com/ziplex/benchmark/res/as/92500.txt' > /dev/null",
      "mean": 20.756806639119997,
      "stddev": 0.013654967337502433,
      "median": 20.75413518472,
      "user": 20.749591059999997,
      "system": 0.00227048,
      "min": 20.737731970219997,
      "max": 20.784983704219997,
      "times": [
        20.75386803522,
        20.737731970219997,
        20.772660695219997,
        20.784983704219997,
        20.76268448922,
        20.74846947922,
        20.756916022219997,
        20.74731445822,
        20.749035203219997,
        20.75440233422
      ],
      "memory_usage_byte": [
        2359296,
        2359296,
        2359296,
        2359296,
        2359296,
        2359296,
        2359296,
        2359296,
        2359296,
        2359296
      ],
      "exit_codes": [
        0,
        0,
        0,
        0,
        0,
        0,
        0,
        0,
        0,
        0
      ]
    }
  ]
}
