{
  "results": [
    {
      "command": "./flex_a_and_asb < '../src/main/scala/com/ziplex/benchmark/res/as/100000.txt' > /dev/null",
      "mean": 24.25569217806,
      "stddev": 0.012364812669488455,
      "median": 24.252923929559998,
      "user": 24.248564839999997,
      "system": 0.0028637000000000003,
      "min": 24.23611699356,
      "max": 24.28291122256,
      "times": [
        24.24952260156,
        24.25983964856,
        24.24970079156,
        24.23611699356,
        24.25614706756,
        24.24912778056,
        24.24954614756,
        24.261974761559998,
        24.28291122256,
        24.26203476556
      ],
      "memory_usage_byte": [
        2359296,
        2359296,
        2359296,
        2359296,
        2359296,
        2359296,
        2359296,
        2359296,
        2359296,
        2359296
      ],
      "exit_codes": [
        0,
        0,
        0,
        0,
        0,
        0,
        0,
        0,
        0,
        0
      ]
    }
  ]
}
