{
  "results": [
    {
      "command": "./flex_a_and_asb < '../src/main/scala/com/ziplex/benchmark/res/as/77500.txt' > /dev/null",
      "mean": 14.57741740314,
      "stddev": 0.02121981523912719,
      "median": 14.567373076340001,
      "user": 14.56648832,
      "system": 0.0023647940000000004,
      "min": 14.56450896884,
      "max": 14.63370019784,
      "times": [
        14.56568327884,
        14.56759462284,
        14.63370019784,
        14.56450896884,
        14.56715152984,
        14.56561952784,
        14.56504261684,
        14.57715726584,
        14.58258840584,
        14.58512761684
      ],
      "memory_usage_byte": [
        2359296,
        2359296,
        2359296,
        2359296,
        2359296,
        2359296,
        2359296,
        2359296,
        2359296,
        2359296
      ],
      "exit_codes": [
        0,
        0,
        0,
        0,
        0,
        0,
        0,
        0,
        0,
        0
      ]
    }
  ]
}
