{
  "results": [
    {
      "command": "./flex_a_and_asb < '../src/main/scala/com/ziplex/benchmark/res/as/50000.txt' > /dev/null",
      "mean": 6.06553835734,
      "stddev": 0.002404606739559592,
      "median": 6.06471486534,
      "user": 6.06189474,
      "system": 0.0023349599999999996,
      "min": 6.06420997384,
      "max": 6.07232350084,
      "times": [
        6.06517332784,
        6.06521324784,
        6.06471802184,
        6.06468440184,
        6.07232350084,
        6.06464929984,
        6.06455510784,
        6.06471170884,
        6.06420997384,
        6.06514498284
      ],
      "memory_usage_byte": [
        2359296,
        2359296,
        2359296,
        2359296,
        2359296,
        2359296,
        2359296,
        2359296,
        2359296,
        2359296
      ],
      "exit_codes": [
        0,
        0,
        0,
        0,
        0,
        0,
        0,
        0,
        0,
        0
      ]
    }
  ]
}
