{
  "results": [
    {
      "command": "./flex_a_and_asb < '../src/main/scala/com/ziplex/benchmark/res/as/85000.txt' > /dev/null",
      "mean": 17.53078854198,
      "stddev": 0.012289067132249188,
      "median": 17.528299201880003,
      "user": 17.5253507,
      "system": 0.00238372,
      "min": 17.519506410880002,
      "max": 17.55451073388,
      "times": [
        17.54336770488,
        17.543492616880002,
        17.55451073388,
        17.52970990588,
        17.519506410880002,
        17.520365390880002,
        17.52002353888,
        17.52738720588,
        17.52031071388,
        17.529211197880002
      ],
      "memory_usage_byte": [
        2359296,
        2359296,
        2359296,
        2359296,
        2359296,
        2359296,
        2359296,
        2359296,
        2359296,
        2359296
      ],
      "exit_codes": [
        0,
        0,
        0,
        0,
        0,
        0,
        0,
        0,
        0,
        0
      ]
    }
  ]
}
