{
  "results": [
    {
      "command": "./flex_a_and_asb < '../src/main/scala/com/ziplex/benchmark/res/as/1000.txt' > /dev/null",
      "mean": 0.0033983378000000007,
      "stddev": 0.0006393932979449607,
      "median": 0.0030945742000000006,
      "user": 0.002555679999999999,
      "system": 0.0008355399999999999,
      "min": 0.0030488792,
      "max": 0.0049794892,
      "times": [
        0.0040962302,
        0.0030927292000000007,
        0.0030825392000000005,
        0.0033026222,
        0.0030835802,
        0.0030488792,
        0.0030903302000000006,
        0.0030964192000000005,
        0.0049794892,
        0.0031105592000000007
      ],
      "memory_usage_byte": [
        2359296,
        2359296,
        2359296,
        2359296,
        2359296,
        2359296,
        2359296,
        2359296,
        2359296,
        2359296
      ],
      "exit_codes": [
        0,
        0,
        0,
        0,
        0,
        0,
        0,
        0,
        0,
        0
      ]
    }
  ]
}
