{
  "results": [
    {
      "command": "./flex_a_and_asb < '../src/main/scala/com/ziplex/benchmark/res/as/30000.txt' > /dev/null",
      "mean": 2.18519368974,
      "stddev": 0.0006258900521711111,
      "median": 2.18515404184,
      "user": 2.1823078399999996,
      "system": 0.0025898400000000004,
      "min": 2.18433551134,
      "max": 2.1862087853400003,
      "times": [
        2.18547410134,
        2.18599593334,
        2.18494460934,
        2.18466389334,
        2.18555647934,
        2.1848385993400004,
        2.18433551134,
        2.18455551034,
        2.1862087853400003,
        2.1853634743400003
      ],
      "memory_usage_byte": [
        2359296,
        2359296,
        2359296,
        2359296,
        2359296,
        2359296,
        2359296,
        2359296,
        2359296,
        2359296
      ],
      "exit_codes": [
        0,
        0,
        0,
        0,
        0,
        0,
        0,
        0,
        0,
        0
      ]
    }
  ]
}
