{
  "results": [
    {
      "command": "./flex_a_and_asb < '../src/main/scala/com/ziplex/benchmark/res/as/35000.txt' > /dev/null",
      "mean": 2.97396035578,
      "stddev": 0.002804776503843495,
      "median": 2.97308996938,
      "user": 2.97154868,
      "system": 0.0020253199999999997,
      "min": 2.9724729658799998,
      "max": 2.98180900688,
      "times": [
        2.97425592788,
        2.9726700778799997,
        2.9727276148799997,
        2.98180900688,
        2.9724729658799998,
        2.97320641088,
        2.97299933588,
        2.9735096788799997,
        2.97318060288,
        2.97277193588
      ],
      "memory_usage_byte": [
        2359296,
        2359296,
        2359296,
        2359296,
        2359296,
        2359296,
        2359296,
        2359296,
        2359296,
        2359296
      ],
      "exit_codes": [
        0,
        0,
        0,
        0,
        0,
        0,
        0,
        0,
        0,
        0
      ]
    }
  ]
}
