{
  "results": [
    {
      "command": "./flex_a_and_asb < '../src/main/scala/com/ziplex/benchmark/res/as/80000.txt' > /dev/null",
      "mean": 15.526078791539998,
      "stddev": 0.008539998707553717,
      "median": 15.52344191054,
      "user": 15.520544259999998,
      "system": 0.0022064999999999997,
      "min": 15.51886448504,
      "max": 15.541134420039999,
      "times": [
        15.52080522604,
        15.52712986504,
        15.519160163039999,
        15.519944556039999,
        15.541134420039999,
        15.52607859504,
        15.519355878039999,
        15.51886448504,
        15.54077288704,
        15.52754184004
      ],
      "memory_usage_byte": [
        2359296,
        2359296,
        2359296,
        2359296,
        2359296,
        2359296,
        2359296,
        2359296,
        2359296,
        2359296
      ],
      "exit_codes": [
        0,
        0,
        0,
        0,
        0,
        0,
        0,
        0,
        0,
        0
      ]
    }
  ]
}
