{
  "results": [
    {
      "command": "./flex_a_and_asb < '../src/main/scala/com/ziplex/benchmark/res/as/27500.txt' > /dev/null",
      "mean": 1.8363089066800005,
      "stddev": 0.000455114308193305,
      "median": 1.8364015871800001,
      "user": 1.83364606,
      "system": 0.00240296,
      "min": 1.83559945218,
      "max": 1.83705318118,
      "times": [
        1.83664907818,
        1.83571800518,
        1.83559945218,
        1.8366065791800001,
        1.83603560118,
        1.8363128511800002,
        1.83604203618,
        1.8365819591800001,
        1.83705318118,
        1.83649032318
      ],
      "memory_usage_byte": [
        2359296,
        2359296,
        2359296,
        2359296,
        2359296,
        2359296,
        2359296,
        2359296,
        2359296,
        2359296
      ],
      "exit_codes": [
        0,
        0,
        0,
        0,
        0,
        0,
        0,
        0,
        0,
        0
      ]
    }
  ]
}
