{
  "results": [
    {
      "command": "./flex_a_and_asb < '../src/main/scala/com/ziplex/benchmark/res/as/95000.txt' > /dev/null",
      "mean": 21.894713925600005,
      "stddev": 0.011338557076526005,
      "median": 21.89140762,
      "user": 21.88779992,
      "system": 0.00257766,
      "min": 21.883194456,
      "max": 21.916371415,
      "times": [
        21.895323089999998,
        21.907599602999998,
        21.916371415,
        21.905244509,
        21.885004282,
        21.884819584,
        21.89204989,
        21.886767077,
        21.883194456,
        21.89076535
      ],
      "memory_usage_byte": [
        2359296,
        2359296,
        2359296,
        2359296,
        2359296,
        2359296,
        2359296,
        2359296,
        2359296,
        2359296
      ],
      "exit_codes": [
        0,
        0,
        0,
        0,
        0,
        0,
        0,
        0,
        0,
        0
      ]
    }
  ]
}
