{
  "results": [
    {
      "command": "./flex_a_and_asb < '../src/main/scala/com/ziplex/benchmark/res/as/72500.txt' > /dev/null",
      "mean": 12.749256285779998,
      "stddev": 0.0033711934887883923,
      "median": 12.74817870958,
      "user": 12.74398428,
      "system": 0.0026288799999999997,
      "min": 12.746291056579999,
      "max": 12.75671658358,
      "times": [
        12.74829945958,
        12.74658180858,
        12.74852682658,
        12.75218007058,
        12.75209932658,
        12.74667051858,
        12.74713924758,
        12.75671658358,
        12.748057959579999,
        12.746291056579999
      ],
      "memory_usage_byte": [
        2359296,
        2359296,
        2359296,
        2359296,
        2359296,
        2359296,
        2359296,
        2359296,
        2359296,
        2359296
      ],
      "exit_codes": [
        0,
        0,
        0,
        0,
        0,
        0,
        0,
        0,
        0,
        0
      ]
    }
  ]
}
