{
  "results": [
    {
      "command": "./flex_a_and_asb < '../src/main/scala/com/ziplex/benchmark/res/as/2000.txt' > /dev/null",
      "mean": 0.011143786300000002,
      "stddev": 0.000772360058238305,
      "median": 0.010735750200000001,
      "user": 0.010211119999999999,
      "system": 0.0009393800000000001,
      "min": 0.010494262200000002,
      "max": 0.012633435200000001,
      "times": [
        0.012390202200000002,
        0.010727145200000001,
        0.010708945200000002,
        0.010512752200000001,
        0.012633435200000001,
        0.010744355200000002,
        0.011353801200000001,
        0.010494262200000002,
        0.011185370200000001,
        0.0106875942
      ],
      "memory_usage_byte": [
        2359296,
        2359296,
        2359296,
        2359296,
        2359296,
        2359296,
        2359296,
        2359296,
        2359296,
        2359296
      ],
      "exit_codes": [
        0,
        0,
        0,
        0,
        0,
        0,
        0,
        0,
        0,
        0
      ]
    }
  ]
}
