{
  "results": [
    {
      "command": "./flex_a_and_asb < '../src/main/scala/com/ziplex/benchmark/res/as/10000.txt' > /dev/null",
      "mean": 0.24535813484000002,
      "stddev": 0.000624791522022227,
      "median": 0.24516491314,
      "user": 0.2431117,
      "system": 0.00199418,
      "min": 0.24472643864000002,
      "max": 0.24676560164000003,
      "times": [
        0.24572698064,
        0.24676560164000003,
        0.24506712364000002,
        0.24509869264,
        0.24559527864000003,
        0.24480639964,
        0.24480392964,
        0.24575976964000001,
        0.24523113364000002,
        0.24472643864000002
      ],
      "memory_usage_byte": [
        2359296,
        2359296,
        2359296,
        2359296,
        2359296,
        2359296,
        2359296,
        2359296,
        2359296,
        2359296
      ],
      "exit_codes": [
        0,
        0,
        0,
        0,
        0,
        0,
        0,
        0,
        0,
        0
      ]
    }
  ]
}
