{
  "results": [
    {
      "command": "./flex_a_and_asb < '../src/main/scala/com/ziplex/benchmark/res/as/95000.txt' > /dev/null",
      "mean": 21.90059683298,
      "stddev": 0.01004814089270492,
      "median": 21.895124034280002,
      "user": 21.89319828,
      "system": 0.00265832,
      "min": 21.890570408280002,
      "max": 21.916154819280003,
      "times": [
        21.89318424228,
        21.89304895328,
        21.89122146528,
        21.897041135280002,
        21.91213342728,
        21.916154819280003,
        21.909907423280004,
        21.890570408280002,
        21.893206933280002,
        21.90949952228
      ],
      "memory_usage_byte": [
        2359296,
        2359296,
        2359296,
        2359296,
        2359296,
        2359296,
        2359296,
        2359296,
        2359296,
        2359296
      ],
      "exit_codes": [
        0,
        0,
        0,
        0,
        0,
        0,
        0,
        0,
        0,
        0
      ]
    }
  ]
}
