{
  "results": [
    {
      "command": "./flex_a_and_asb < '../src/main/scala/com/ziplex/benchmark/res/as/27500.txt' > /dev/null",
      "mean": 1.83670094722,
      "stddev": 0.0006072272712371076,
      "median": 1.8365930551199998,
      "user": 1.8344152,
      "system": 0.0019852999999999997,
      "min": 1.83589499412,
      "max": 1.8378715131199999,
      "times": [
        1.83745659612,
        1.8369596851199999,
        1.83612235112,
        1.83589499412,
        1.83647386612,
        1.83671224412,
        1.8378715131199999,
        1.8362885201199999,
        1.83640342612,
        1.8368262761199998
      ],
      "memory_usage_byte": [
        2359296,
        2359296,
        2359296,
        2359296,
        2359296,
        2359296,
        2359296,
        2359296,
        2359296,
        2359296
      ],
      "exit_codes": [
        0,
        0,
        0,
        0,
        0,
        0,
        0,
        0,
        0,
        0
      ]
    }
  ]
}
