{
  "results": [
    {
      "command": "./flex_a_and_asb < '../src/main/scala/com/ziplex/benchmark/res/as/62500.txt' > /dev/null",
      "mean": 9.48264349894,
      "stddev": 0.00788565251007973,
      "median": 9.484445824240002,
      "user": 9.4786237,
      "system": 0.00247566,
      "min": 9.47469162124,
      "max": 9.49918108424,
      "times": [
        9.47511908124,
        9.474971876240001,
        9.47469162124,
        9.48636242024,
        9.49918108424,
        9.484126809240001,
        9.487365953240001,
        9.48476483924,
        9.48491821024,
        9.47493309424
      ],
      "memory_usage_byte": [
        2359296,
        2359296,
        2359296,
        2359296,
        2359296,
        2359296,
        2359296,
        2359296,
        2359296,
        2359296
      ],
      "exit_codes": [
        0,
        0,
        0,
        0,
        0,
        0,
        0,
        0,
        0,
        0
      ]
    }
  ]
}
