{
  "results": [
    {
      "command": "./flex_a_and_asb < '../src/main/scala/com/ziplex/benchmark/res/as/42500.txt' > /dev/null",
      "mean": 4.38340961436,
      "stddev": 0.0027883942892153444,
      "median": 4.38250100836,
      "user": 4.3796592,
      "system": 0.0024570399999999997,
      "min": 4.38155717836,
      "max": 4.39106765236,
      "times": [
        4.38346244136,
        4.39106765236,
        4.38260413836,
        4.38238935036,
        4.38221526336,
        4.38165202136,
        4.38395178136,
        4.38239787836,
        4.38279843836,
        4.38155717836
      ],
      "memory_usage_byte": [
        2359296,
        2359296,
        2359296,
        2359296,
        2359296,
        2359296,
        2359296,
        2359296,
        2359296,
        2359296
      ],
      "exit_codes": [
        0,
        0,
        0,
        0,
        0,
        0,
        0,
        0,
        0,
        0
      ]
    }
  ]
}
