{
  "results": [
    {
      "command": "./flex_a_and_asb < '../src/main/scala/com/ziplex/benchmark/res/as/25000.txt' > /dev/null",
      "mean": 1.5187309353799998,
      "stddev": 0.000590723475133509,
      "median": 1.5185670499800001,
      "user": 1.51637748,
      "system": 0.0020539799999999995,
      "min": 1.51814683098,
      "max": 1.51985195998,
      "times": [
        1.5190631919800002,
        1.51950512398,
        1.5188583929800001,
        1.51985195998,
        1.51835488898,
        1.51823974498,
        1.51814683098,
        1.5184109299800002,
        1.5187231699800001,
        1.51815511998
      ],
      "memory_usage_byte": [
        2359296,
        2359296,
        2359296,
        2359296,
        2359296,
        2359296,
        2359296,
        2359296,
        2359296,
        2359296
      ],
      "exit_codes": [
        0,
        0,
        0,
        0,
        0,
        0,
        0,
        0,
        0,
        0
      ]
    }
  ]
}
