{
  "results": [
    {
      "command": "./flex_a_and_asb < '../src/main/scala/com/ziplex/benchmark/res/as/60000.txt' > /dev/null",
      "mean": 8.73287564558,
      "stddev": 0.0037887565643935587,
      "median": 8.73219843368,
      "user": 8.728838059999998,
      "system": 0.00231592,
      "min": 8.728713474180001,
      "max": 8.74207526118,
      "times": [
        8.72926717418,
        8.733057285180001,
        8.73180773718,
        8.73087988518,
        8.74207526118,
        8.732589130180001,
        8.73383806018,
        8.73523242418,
        8.73129602418,
        8.728713474180001
      ],
      "memory_usage_byte": [
        2359296,
        2359296,
        2359296,
        2359296,
        2359296,
        2359296,
        2359296,
        2359296,
        2359296,
        2359296
      ],
      "exit_codes": [
        0,
        0,
        0,
        0,
        0,
        0,
        0,
        0,
        0,
        0
      ]
    }
  ]
}
