{
  "results": [
    {
      "command": "./flex_a_and_asb < '../src/main/scala/com/ziplex/benchmark/res/as/1000.txt' > /dev/null",
      "mean": 0.00313084388,
      "stddev": 0.0003886252917963951,
      "median": 0.00299633338,
      "user": 0.0026919199999999996,
      "system": 0.0005114280000000001,
      "min": 0.00295879838,
      "max": 0.00422525238,
      "times": [
        0.00298901838,
        0.00300034838,
        0.00297349838,
        0.00295879838,
        0.0029703783800000003,
        0.00422525238,
        0.00315739938,
        0.00302891838,
        0.00299231838,
        0.00301250838
      ],
      "memory_usage_byte": [
        2359296,
        2359296,
        2359296,
        2359296,
        2359296,
        2359296,
        2359296,
        2359296,
        2359296,
        2359296
      ],
      "exit_codes": [
        0,
        0,
        0,
        0,
        0,
        0,
        0,
        0,
        0,
        0
      ]
    }
  ]
}
