{
  "results": [
    {
      "command": "./flex_a_and_asb < '../src/main/scala/com/ziplex/benchmark/res/as/500.0.txt' > /dev/null",
      "mean": 0.0004715713199999998,
      "stddev": 0.000019059548300873554,
      "median": 0.00047401621999999984,
      "user": 0.0004149,
      "system": 0.00014326800000000005,
      "min": 0.0004419242199999999,
      "max": 0.0005057762199999998,
      "times": [
        0.00047636521999999974,
        0.0004835652199999997,
        0.0004743562199999999,
        0.00046641521999999985,
        0.00044211421999999984,
        0.00046827521999999986,
        0.0005057762199999998,
        0.0004736762199999998,
        0.00048324521999999987,
        0.0004419242199999999
      ],
      "memory_usage_byte": [
        2359296,
        2359296,
        2359296,
        2359296,
        2359296,
        2359296,
        2359296,
        2359296,
        2359296,
        2359296
      ],
      "exit_codes": [
        0,
        0,
        0,
        0,
        0,
        0,
        0,
        0,
        0,
        0
      ]
    }
  ]
}
