{
  "results": [
    {
      "command": "./flex_a_and_asb < '../src/main/scala/com/ziplex/benchmark/res/as/45000.txt' > /dev/null",
      "mean": 4.9201035947600005,
      "stddev": 0.004204434823356609,
      "median": 4.91969515766,
      "user": 4.917350219999999,
      "system": 0.0018226799999999997,
      "min": 4.91350056416,
      "max": 4.93010405616,
      "times": [
        4.93010405616,
        4.91998890316,
        4.92017776516,
        4.919663370159999,
        4.91888353316,
        4.91842372916,
        4.91972694516,
        4.92260266016,
        4.91796442116,
        4.91350056416
      ],
      "memory_usage_byte": [
        2359296,
        2359296,
        2359296,
        2359296,
        2359296,
        2359296,
        2359296,
        2359296,
        2359296,
        2359296
      ],
      "exit_codes": [
        0,
        0,
        0,
        0,
        0,
        0,
        0,
        0,
        0,
        0
      ]
    }
  ]
}
