{
  "results": [
    {
      "command": "./flex_a_and_asb < '../src/main/scala/com/ziplex/benchmark/res/as/100.txt' > /dev/null",
      "mean": 0.0006229653800000001,
      "stddev": 0.00021308193926930242,
      "median": 0.00055919878,
      "user": 0.000251962,
      "system": 0.00038324,
      "min": 0.00051122828,
      "max": 0.0012158462800000002,
      "times": [
        0.00062487928,
        0.00055933928,
        0.0006111292800000002,
        0.0012158462800000002,
        0.00055905828,
        0.0005124172800000002,
        0.00051122828,
        0.0005149782800000001,
        0.0005121582800000002,
        0.0006086192800000001
      ],
      "memory_usage_byte": [
        2359296,
        2359296,
        2359296,
        2359296,
        2359296,
        2359296,
        2359296,
        2359296,
        2359296,
        2359296
      ],
      "exit_codes": [
        0,
        0,
        0,
        0,
        0,
        0,
        0,
        0,
        0,
        0
      ]
    }
  ]
}
