{
  "results": [
    {
      "command": "./flex_a_and_asb < '../src/main/scala/com/ziplex/benchmark/res/as/35000.txt' > /dev/null",
      "mean": 2.9734223946200005,
      "stddev": 0.0021446732990139028,
      "median": 2.97285830562,
      "user": 2.9704647399999997,
      "system": 0.0022259800000000002,
      "min": 2.97129499012,
      "max": 2.97869780812,
      "times": [
        2.97282032412,
        2.97289628712,
        2.97129499012,
        2.97280287012,
        2.97452877212,
        2.9729455461200005,
        2.9721947601200003,
        2.9745603491200003,
        2.97869780812,
        2.97148223912
      ],
      "memory_usage_byte": [
        2359296,
        2359296,
        2359296,
        2359296,
        2359296,
        2359296,
        2359296,
        2359296,
        2359296,
        2359296
      ],
      "exit_codes": [
        0,
        0,
        0,
        0,
        0,
        0,
        0,
        0,
        0,
        0
      ]
    }
  ]
}
