{
  "results": [
    {
      "command": "./flex_a_and_asb < '../src/main/scala/com/ziplex/benchmark/res/as/200.txt' > /dev/null",
      "mean": 0.0005146962799999998,
      "stddev": 0.00013001192776921147,
      "median": 0.00048290887999999984,
      "user": 0.0004454399999999999,
      "system": 0.000172034,
      "min": 0.0004287638799999998,
      "max": 0.0008740478799999998,
      "times": [
        0.0004543638799999998,
        0.0005293048799999998,
        0.0008740478799999998,
        0.0004366528799999999,
        0.0004587238799999999,
        0.0004287638799999998,
        0.0005043738799999999,
        0.0004802538799999998,
        0.0004855638799999999,
        0.0004949138799999999
      ],
      "memory_usage_byte": [
        2359296,
        2359296,
        2359296,
        2359296,
        2359296,
        2359296,
        2359296,
        2359296,
        2359296,
        2359296
      ],
      "exit_codes": [
        0,
        0,
        0,
        0,
        0,
        0,
        0,
        0,
        0,
        0
      ]
    }
  ]
}
