{
  "results": [
    {
      "command": "./flex_a_and_asb < '../src/main/scala/com/ziplex/benchmark/res/as/2000.txt' > /dev/null",
      "mean": 0.010554811179999998,
      "stddev": 0.00034812729739196446,
      "median": 0.01041088608,
      "user": 0.00932788,
      "system": 0.001258748,
      "min": 0.010350251080000001,
      "max": 0.01145523308,
      "times": [
        0.01145523308,
        0.01084184708,
        0.01039463108,
        0.01042714108,
        0.01037811108,
        0.01035666108,
        0.010350251080000001,
        0.01037224108,
        0.01047029208,
        0.01050170308
      ],
      "memory_usage_byte": [
        2359296,
        2359296,
        2359296,
        2359296,
        2359296,
        2359296,
        2359296,
        2359296,
        2359296,
        2359296
      ],
      "exit_codes": [
        0,
        0,
        0,
        0,
        0,
        0,
        0,
        0,
        0,
        0
      ]
    }
  ]
}
