{
  "results": [
    {
      "command": "./flex_a_and_asb < '../src/main/scala/com/ziplex/benchmark/res/as/20000.txt' > /dev/null",
      "mean": 0.9727161818800001,
      "stddev": 0.001296878794464831,
      "median": 0.9722408167800001,
      "user": 0.9707024800000001,
      "system": 0.0017861799999999996,
      "min": 0.9714819317800001,
      "max": 0.9749731657800002,
      "times": [
        0.9749481657800001,
        0.9716794857800001,
        0.9714819317800001,
        0.9715163097800001,
        0.9722067447800001,
        0.9731926847800001,
        0.9727558867800001,
        0.9722748887800001,
        0.9721325547800002,
        0.9749731657800002
      ],
      "memory_usage_byte": [
        2359296,
        2359296,
        2359296,
        2359296,
        2359296,
        2359296,
        2359296,
        2359296,
        2359296,
        2359296
      ],
      "exit_codes": [
        0,
        0,
        0,
        0,
        0,
        0,
        0,
        0,
        0,
        0
      ]
    }
  ]
}
