{
  "results": [
    {
      "command": "./flex_a_and_asb < '../src/main/scala/com/ziplex/benchmark/res/as/40000.txt' > /dev/null",
      "mean": 3.8872627622400002,
      "stddev": 0.0027246378835539303,
      "median": 3.88766808154,
      "user": 3.8839899199999985,
      "system": 0.00195024,
      "min": 3.8824135820400003,
      "max": 3.89247968504,
      "times": [
        3.8824135820400003,
        3.89247968504,
        3.88398472204,
        3.88639328504,
        3.8882502340400005,
        3.8875742910400004,
        3.8868158090400002,
        3.88824215204,
        3.88776187204,
        3.8887119900400005
      ],
      "memory_usage_byte": [
        2359296,
        2359296,
        2359296,
        2359296,
        2359296,
        2359296,
        2359296,
        2359296,
        2359296,
        2359296
      ],
      "exit_codes": [
        0,
        0,
        0,
        0,
        0,
        0,
        0,
        0,
        0,
        0
      ]
    }
  ]
}
