{
  "results": [
    {
      "command": "./flex_a_and_asb < '../src/main/scala/com/ziplex/benchmark/res/as/22500.txt' > /dev/null",
      "mean": 1.2326432419999998,
      "stddev": 0.005549824036783785,
      "median": 1.2308342338,
      "user": 1.22804934,
      "system": 0.00253364,
      "min": 1.2302234783,
      "max": 1.2483771693,
      "times": [
        1.2321552943,
        1.2302234783,
        1.2309421043,
        1.2308736113,
        1.2307270273,
        1.2308997273,
        1.2307053213,
        1.2307338303,
        1.2483771693,
        1.2307948563
      ],
      "memory_usage_byte": [
        2359296,
        2359296,
        2359296,
        2359296,
        2359296,
        2359296,
        2359296,
        2359296,
        2359296,
        2359296
      ],
      "exit_codes": [
        0,
        0,
        0,
        0,
        0,
        0,
        0,
        0,
        0,
        0
      ]
    }
  ]
}
