{
  "results": [
    {
      "command": "./flex_a_and_asb < '../src/main/scala/com/ziplex/benchmark/res/as/1000.txt' > /dev/null",
      "mean": 0.0033269496600000005,
      "stddev": 0.0005716072904762501,
      "median": 0.00313154426,
      "user": 0.00263414,
      "system": 0.0007683119999999999,
      "min": 0.0030413832599999998,
      "max": 0.00492055626,
      "times": [
        0.00492055626,
        0.00333535626,
        0.0032342162599999997,
        0.0030413832599999998,
        0.00319240526,
        0.0033191162600000003,
        0.00305724326,
        0.00305260326,
        0.00304593326,
        0.00307068326
      ],
      "memory_usage_byte": [
        2359296,
        2359296,
        2359296,
        2359296,
        2359296,
        2359296,
        2359296,
        2359296,
        2359296,
        2359296
      ],
      "exit_codes": [
        0,
        0,
        0,
        0,
        0,
        0,
        0,
        0,
        0,
        0
      ]
    }
  ]
}
