{
  "results": [
    {
      "command": "./flex_a_and_asb < '../src/main/scala/com/ziplex/benchmark/res/as/57500.txt' > /dev/null",
      "mean": 8.028052530239998,
      "stddev": 0.007649817333018348,
      "median": 8.027120329539999,
      "user": 8.024760780000001,
      "system": 0.0016518599999999998,
      "min": 8.02118517304,
      "max": 8.04593327704,
      "times": [
        8.030545865039999,
        8.031912993039999,
        8.031162516039998,
        8.029492269039999,
        8.04593327704,
        8.02474839004,
        8.02118517304,
        8.022230086039999,
        8.02125958604,
        8.02205514704
      ],
      "memory_usage_byte": [
        2359296,
        2359296,
        2359296,
        2359296,
        2359296,
        2359296,
        2359296,
        2359296,
        2359296,
        2359296
      ],
      "exit_codes": [
        0,
        0,
        0,
        0,
        0,
        0,
        0,
        0,
        0,
        0
      ]
    }
  ]
}
