{
  "results": [
    {
      "command": "./flex_a_and_asb < '../src/main/scala/com/ziplex/benchmark/res/as/87500.txt' > /dev/null",
      "mean": 18.57604004714,
      "stddev": 0.013608834450664893,
      "median": 18.56931356324,
      "user": 18.570509620000003,
      "system": 0.00221368,
      "min": 18.56391425674,
      "max": 18.60107286274,
      "times": [
        18.56580868374,
        18.56741861674,
        18.56391425674,
        18.56455800674,
        18.60107286274,
        18.58011964174,
        18.59471558674,
        18.58562561874,
        18.57120850974,
        18.56595868774
      ],
      "memory_usage_byte": [
        2359296,
        2359296,
        2359296,
        2359296,
        2359296,
        2359296,
        2359296,
        2359296,
        2359296,
        2359296
      ],
      "exit_codes": [
        0,
        0,
        0,
        0,
        0,
        0,
        0,
        0,
        0,
        0
      ]
    }
  ]
}
