{
  "results": [
    {
      "command": "./flex_a_and_asb < '../src/main/scala/com/ziplex/benchmark/res/as/65000.txt' > /dev/null",
      "mean": 10.25239880454,
      "stddev": 0.0079021833188838,
      "median": 10.249431360540001,
      "user": 10.246134020000001,
      "system": 0.00231824,
      "min": 10.246054022540001,
      "max": 10.27282299354,
      "times": [
        10.253433475540001,
        10.256172877540001,
        10.24931618754,
        10.24898589654,
        10.246715254540002,
        10.246054022540001,
        10.253652889540001,
        10.27282299354,
        10.247287914540001,
        10.24954653354
      ],
      "memory_usage_byte": [
        2359296,
        2359296,
        2359296,
        2359296,
        2359296,
        2359296,
        2359296,
        2359296,
        2359296,
        2359296
      ],
      "exit_codes": [
        0,
        0,
        0,
        0,
        0,
        0,
        0,
        0,
        0,
        0
      ]
    }
  ]
}
