{
  "results": [
    {
      "command": "./flex_a_and_asb < '../src/main/scala/com/ziplex/benchmark/res/as/1200.txt' > /dev/null",
      "mean": 0.0045464602199999996,
      "stddev": 0.00047421424269520734,
      "median": 0.00435725162,
      "user": 0.0036673400000000003,
      "system": 0.00088644,
      "min": 0.00420679012,
      "max": 0.00574356912,
      "times": [
        0.00574356912,
        0.00451169412,
        0.004489333119999999,
        0.00431007112,
        0.00425100112,
        0.00430478112,
        0.00420679012,
        0.004966419120000001,
        0.00427651112,
        0.004404432119999999
      ],
      "memory_usage_byte": [
        2359296,
        2359296,
        2359296,
        2359296,
        2359296,
        2359296,
        2359296,
        2359296,
        2359296,
        2359296
      ],
      "exit_codes": [
        0,
        0,
        0,
        0,
        0,
        0,
        0,
        0,
        0,
        0
      ]
    }
  ]
}
