{
  "results": [
    {
      "command": "./flex_a_and_asb < '../src/main/scala/com/ziplex/benchmark/res/as/67500.txt' > /dev/null",
      "mean": 11.06113291894,
      "stddev": 0.013592818412288475,
      "median": 11.057037742039999,
      "user": 11.054826420000001,
      "system": 0.0024689999999999994,
      "min": 11.04976363204,
      "max": 11.09335828204,
      "times": [
        11.05148169604,
        11.05259891104,
        11.04976363204,
        11.06219479304,
        11.09335828204,
        11.07188321104,
        11.06605596404,
        11.06083949404,
        11.05323599004,
        11.049917216039999
      ],
      "memory_usage_byte": [
        2359296,
        2359296,
        2359296,
        2359296,
        2359296,
        2359296,
        2359296,
        2359296,
        2359296,
        2359296
      ],
      "exit_codes": [
        0,
        0,
        0,
        0,
        0,
        0,
        0,
        0,
        0,
        0
      ]
    }
  ]
}
