{
  "results": [
    {
      "command": "./flex_a_and_asb < '../src/main/scala/com/ziplex/benchmark/res/as/50000.txt' > /dev/null",
      "mean": 6.07190165958,
      "stddev": 0.0031766816758695324,
      "median": 6.07242703508,
      "user": 6.0678973,
      "system": 0.00257796,
      "min": 6.067266850079999,
      "max": 6.077718731079999,
      "times": [
        6.067266850079999,
        6.069226943079999,
        6.072460910079999,
        6.07239316008,
        6.077718731079999,
        6.073991350079999,
        6.07092030608,
        6.0678246720799995,
        6.073722142079999,
        6.073491531079999
      ],
      "memory_usage_byte": [
        2359296,
        2359296,
        2359296,
        2359296,
        2359296,
        2359296,
        2359296,
        2359296,
        2359296,
        2359296
      ],
      "exit_codes": [
        0,
        0,
        0,
        0,
        0,
        0,
        0,
        0,
        0,
        0
      ]
    }
  ]
}
