{
  "results": [
    {
      "command": "./flex_a_and_asb < '../src/main/scala/com/ziplex/benchmark/res/as/77500.txt' > /dev/null",
      "mean": 14.646103077620001,
      "stddev": 0.0313001222234031,
      "median": 14.64403876742,
      "user": 14.641772799999998,
      "system": 0.00234556,
      "min": 14.597851229420002,
      "max": 14.71019459142,
      "times": [
        14.71019459142,
        14.64479115442,
        14.65548527742,
        14.66743258442,
        14.64265610442,
        14.60810625242,
        14.659262188420001,
        14.643286380420001,
        14.597851229420002,
        14.63196501342
      ],
      "memory_usage_byte": [
        2359296,
        2359296,
        2359296,
        2359296,
        2359296,
        2359296,
        2359296,
        2359296,
        2359296,
        2359296
      ],
      "exit_codes": [
        0,
        0,
        0,
        0,
        0,
        0,
        0,
        0,
        0,
        0
      ]
    }
  ]
}
