{
  "results": [
    {
      "command": "./flex_a_and_asb < '../src/main/scala/com/ziplex/benchmark/res/as/12500.txt' > /dev/null",
      "mean": 0.38198893132000006,
      "stddev": 0.0006650518621154421,
      "median": 0.38172307872,
      "user": 0.37977597999999996,
      "system": 0.00196188,
      "min": 0.38134979422000004,
      "max": 0.38303771622000005,
      "times": [
        0.38265572122,
        0.38303771622000005,
        0.38179709022,
        0.38194883222000003,
        0.38150323722,
        0.38134979422000004,
        0.38140519522000005,
        0.38302549422000004,
        0.38151716522,
        0.38164906722
      ],
      "memory_usage_byte": [
        2359296,
        2359296,
        2359296,
        2359296,
        2359296,
        2359296,
        2359296,
        2359296,
        2359296,
        2359296
      ],
      "exit_codes": [
        0,
        0,
        0,
        0,
        0,
        0,
        0,
        0,
        0,
        0
      ]
    }
  ]
}
