{
  "results": [
    {
      "command": "./flex_a_and_asb < '../src/main/scala/com/ziplex/benchmark/res/as/100.txt' > /dev/null",
      "mean": 0.0006209372800000002,
      "stddev": 0.00010141784242873638,
      "median": 0.0006081499800000001,
      "user": 0.000318504,
      "system": 0.000367462,
      "min": 0.00049807398,
      "max": 0.0008099579800000001,
      "times": [
        0.0008099579800000001,
        0.00072863698,
        0.00049807398,
        0.0005306239800000001,
        0.0007134759800000002,
        0.0006246259800000001,
        0.0005219639800000002,
        0.0006191249800000001,
        0.0005657139800000001,
        0.0005971749800000001
      ],
      "memory_usage_byte": [
        2359296,
        2359296,
        2359296,
        2359296,
        2359296,
        2359296,
        2359296,
        2359296,
        2359296,
        2359296
      ],
      "exit_codes": [
        0,
        0,
        0,
        0,
        0,
        0,
        0,
        0,
        0,
        0
      ]
    }
  ]
}
