{
  "results": [
    {
      "command": "./flex_a_and_asb < '../src/main/scala/com/ziplex/benchmark/res/as/800.txt' > /dev/null",
      "mean": 0.00214967758,
      "stddev": 0.00004656203574491898,
      "median": 0.0021337371800000003,
      "user": 0.0016360800000000003,
      "system": 0.000564004,
      "min": 0.0021005321799999997,
      "max": 0.00226681418,
      "times": [
        0.00216006218,
        0.00213238218,
        0.0021005321799999997,
        0.00212487218,
        0.00212646218,
        0.00216588318,
        0.00226681418,
        0.00216715318,
        0.00211752218,
        0.00213509218
      ],
      "memory_usage_byte": [
        2359296,
        2359296,
        2359296,
        2359296,
        2359296,
        2359296,
        2359296,
        2359296,
        2359296,
        2359296
      ],
      "exit_codes": [
        0,
        0,
        0,
        0,
        0,
        0,
        0,
        0,
        0,
        0
      ]
    }
  ]
}
