{
  "results": [
    {
      "command": "./flex_a_and_asb < '../src/main/scala/com/ziplex/benchmark/res/as/70000.txt' > /dev/null",
      "mean": 11.896951521080002,
      "stddev": 0.0300441187240755,
      "median": 11.88712783558,
      "user": 11.89276658,
      "system": 0.0014998599999999998,
      "min": 11.88345346758,
      "max": 11.98189240358,
      "times": [
        11.88345346758,
        11.89258550958,
        11.88375126458,
        11.88619544258,
        11.88410694758,
        11.88705876358,
        11.89290285358,
        11.98189240358,
        11.88719690758,
        11.89037165058
      ],
      "memory_usage_byte": [
        2359296,
        2359296,
        2359296,
        2359296,
        2359296,
        2359296,
        2359296,
        2359296,
        2359296,
        2359296
      ],
      "exit_codes": [
        0,
        0,
        0,
        0,
        0,
        0,
        0,
        0,
        0,
        0
      ]
    }
  ]
}
