{
  "results": [
    {
      "command": "./flex_a_and_asb < '../src/main/scala/com/ziplex/benchmark/res/as/2000.txt' > /dev/null",
      "mean": 0.010973005020000001,
      "stddev": 0.0010224535064358405,
      "median": 0.010545661020000001,
      "user": 0.01040704,
      "system": 0.000618228,
      "min": 0.01035466852,
      "max": 0.013624307520000002,
      "times": [
        0.013624307520000002,
        0.01181620652,
        0.01035466852,
        0.010473589520000002,
        0.01083408452,
        0.01060450152,
        0.010570671520000002,
        0.01045535952,
        0.01052065052,
        0.01047601052
      ],
      "memory_usage_byte": [
        2359296,
        2359296,
        2359296,
        2359296,
        2359296,
        2359296,
        2359296,
        2359296,
        2359296,
        2359296
      ],
      "exit_codes": [
        0,
        0,
        0,
        0,
        0,
        0,
        0,
        0,
        0,
        0
      ]
    }
  ]
}
