{
  "results": [
    {
      "command": "./flex_a_and_asb < '../src/main/scala/com/ziplex/benchmark/res/as/72500.txt' > /dev/null",
      "mean": 12.75725334906,
      "stddev": 0.004767065253375368,
      "median": 12.75642178186,
      "user": 12.75275806,
      "system": 0.0026604999999999997,
      "min": 12.75107854986,
      "max": 12.76499320686,
      "times": [
        12.757211919860001,
        12.76499320686,
        12.762593088860001,
        12.754075271860001,
        12.75107854986,
        12.75580446786,
        12.75703909586,
        12.76309363086,
        12.75272508886,
        12.753919169860001
      ],
      "memory_usage_byte": [
        2359296,
        2359296,
        2359296,
        2359296,
        2359296,
        2359296,
        2359296,
        2359296,
        2359296,
        2359296
      ],
      "exit_codes": [
        0,
        0,
        0,
        0,
        0,
        0,
        0,
        0,
        0,
        0
      ]
    }
  ]
}
