{
  "results": [
    {
      "command": "./flex_a_and_asb < '../src/main/scala/com/ziplex/benchmark/res/as/37500.txt' > /dev/null",
      "mean": 3.41281058204,
      "stddev": 0.0005840170353705291,
      "median": 3.41280637764,
      "user": 3.4095788,
      "system": 0.0028210600000000002,
      "min": 3.41217058014,
      "max": 3.41400922914,
      "times": [
        3.4128698221400002,
        3.41314177314,
        3.41219616914,
        3.41274293314,
        3.41336434914,
        3.41243642714,
        3.41288865014,
        3.41217058014,
        3.41400922914,
        3.41228588714
      ],
      "memory_usage_byte": [
        2359296,
        2359296,
        2359296,
        2359296,
        2359296,
        2359296,
        2359296,
        2359296,
        2359296,
        2359296
      ],
      "exit_codes": [
        0,
        0,
        0,
        0,
        0,
        0,
        0,
        0,
        0,
        0
      ]
    }
  ]
}
