{
  "results": [
    {
      "command": "./flex_a_and_asb < '../src/main/scala/com/ziplex/benchmark/res/as/10000.txt' > /dev/null",
      "mean": 0.24591798914,
      "stddev": 0.0006381462654178328,
      "median": 0.24587899064000002,
      "user": 0.24330958000000003,
      "system": 0.00236836,
      "min": 0.24511342164,
      "max": 0.24706919464000002,
      "times": [
        0.24607932364000001,
        0.24636129664,
        0.24609074364,
        0.24545420564,
        0.24661150964,
        0.24511342164,
        0.24517946164,
        0.24567865764,
        0.24554207664,
        0.24706919464000002
      ],
      "memory_usage_byte": [
        2359296,
        2359296,
        2359296,
        2359296,
        2359296,
        2359296,
        2359296,
        2359296,
        2359296,
        2359296
      ],
      "exit_codes": [
        0,
        0,
        0,
        0,
        0,
        0,
        0,
        0,
        0,
        0
      ]
    }
  ]
}
