{
  "results": [
    {
      "command": "./flex_a_and_asb < '../src/main/scala/com/ziplex/benchmark/res/as/85000.txt' > /dev/null",
      "mean": 17.52975801026,
      "stddev": 0.012887694985510057,
      "median": 17.53046305746,
      "user": 17.52600116,
      "system": 0.0015102979999999998,
      "min": 17.51325439646,
      "max": 17.55399861146,
      "times": [
        17.51814354246,
        17.54032120446,
        17.51325439646,
        17.53333681446,
        17.55399861146,
        17.53956433846,
        17.53381943546,
        17.52169271546,
        17.515859743460002,
        17.52758930046
      ],
      "memory_usage_byte": [
        2359296,
        2359296,
        2359296,
        2359296,
        2359296,
        2359296,
        2359296,
        2359296,
        2359296,
        2359296
      ],
      "exit_codes": [
        0,
        0,
        0,
        0,
        0,
        0,
        0,
        0,
        0,
        0
      ]
    }
  ]
}
