{
  "results": [
    {
      "command": "./flex_a_and_asb < '../src/main/scala/com/ziplex/benchmark/res/as/35000.txt' > /dev/null",
      "mean": 2.9735578913199996,
      "stddev": 0.0007683228774102577,
      "median": 2.97343233012,
      "user": 2.97115724,
      "system": 0.00206148,
      "min": 2.9725525041200003,
      "max": 2.97484808112,
      "times": [
        2.97289390912,
        2.97379008912,
        2.97301904012,
        2.97312970112,
        2.9725525041200003,
        2.97484808112,
        2.97355881612,
        2.97330584412,
        2.97482083112,
        2.9736600971200002
      ],
      "memory_usage_byte": [
        2359296,
        2359296,
        2359296,
        2359296,
        2359296,
        2359296,
        2359296,
        2359296,
        2359296,
        2359296
      ],
      "exit_codes": [
        0,
        0,
        0,
        0,
        0,
        0,
        0,
        0,
        0,
        0
      ]
    }
  ]
}
