{
  "results": [
    {
      "command": "./flex_a_and_asb < '../src/main/scala/com/ziplex/benchmark/res/as/200.txt' > /dev/null",
      "mean": 0.0005720138399999999,
      "stddev": 0.00004689443743001697,
      "median": 0.0005844017399999999,
      "user": 0.00028419999999999997,
      "system": 0.0003960019999999999,
      "min": 0.0005030617399999999,
      "max": 0.00064861274,
      "times": [
        0.00064861274,
        0.0005908517399999998,
        0.00051543174,
        0.0006139517399999999,
        0.0005837217399999999,
        0.0005030617399999999,
        0.0005850817399999999,
        0.0006022117399999998,
        0.00052441174,
        0.0005528017399999999
      ],
      "memory_usage_byte": [
        2359296,
        2359296,
        2359296,
        2359296,
        2359296,
        2359296,
        2359296,
        2359296,
        2359296,
        2359296
      ],
      "exit_codes": [
        0,
        0,
        0,
        0,
        0,
        0,
        0,
        0,
        0,
        0
      ]
    }
  ]
}
