{
  "results": [
    {
      "command": "./flex_a_and_asb < '../src/main/scala/com/ziplex/benchmark/res/as/1200.txt' > /dev/null",
      "mean": 0.0042613984200000005,
      "stddev": 0.0003023488479404214,
      "median": 0.00415397262,
      "user": 0.00346394,
      "system": 0.0008072560000000001,
      "min": 0.004096052120000001,
      "max": 0.005080150120000001,
      "times": [
        0.005080150120000001,
        0.0044036851200000005,
        0.00411237212,
        0.004195573120000001,
        0.004201383120000001,
        0.00420274212,
        0.00410734212,
        0.0041051121200000006,
        0.00410957212,
        0.004096052120000001
      ],
      "memory_usage_byte": [
        2359296,
        2359296,
        2359296,
        2359296,
        2359296,
        2359296,
        2359296,
        2359296,
        2359296,
        2359296
      ],
      "exit_codes": [
        0,
        0,
        0,
        0,
        0,
        0,
        0,
        0,
        0,
        0
      ]
    }
  ]
}
