{
  "results": [
    {
      "command": "./flex_a_and_asb < '../src/main/scala/com/ziplex/benchmark/res/as/35000.txt' > /dev/null",
      "mean": 2.97349293884,
      "stddev": 0.0016645743892184641,
      "median": 2.97276172254,
      "user": 2.97061574,
      "system": 0.002185356,
      "min": 2.9721782015400002,
      "max": 2.97724188854,
      "times": [
        2.97228429254,
        2.97477992454,
        2.9721782015400002,
        2.97505135754,
        2.97227773354,
        2.97280714754,
        2.97258723554,
        2.97300530954,
        2.97724188854,
        2.97271629754
      ],
      "memory_usage_byte": [
        2359296,
        2359296,
        2359296,
        2359296,
        2359296,
        2359296,
        2359296,
        2359296,
        2359296,
        2359296
      ],
      "exit_codes": [
        0,
        0,
        0,
        0,
        0,
        0,
        0,
        0,
        0,
        0
      ]
    }
  ]
}
