{
  "results": [
    {
      "command": "./flex_a_and_asb < '../src/main/scala/com/ziplex/benchmark/res/as/50000.txt' > /dev/null",
      "mean": 6.06398950302,
      "stddev": 0.0014151218698249496,
      "median": 6.0634539936200005,
      "user": 6.0603354199999995,
      "system": 0.00268214,
      "min": 6.062154978620001,
      "max": 6.06715559562,
      "times": [
        6.06446959162,
        6.06326057562,
        6.06299828662,
        6.06715559562,
        6.062154978620001,
        6.065068319620001,
        6.06467351662,
        6.063206178620001,
        6.06364150262,
        6.063266484620001
      ],
      "memory_usage_byte": [
        2359296,
        2359296,
        2359296,
        2359296,
        2359296,
        2359296,
        2359296,
        2359296,
        2359296,
        2359296
      ],
      "exit_codes": [
        0,
        0,
        0,
        0,
        0,
        0,
        0,
        0,
        0,
        0
      ]
    }
  ]
}
