{
  "results": [
    {
      "command": "./flex_a_and_asb < '../src/main/scala/com/ziplex/benchmark/res/as/500.txt' > /dev/null",
      "mean": 0.00142831714,
      "stddev": 0.00039783293483158376,
      "median": 0.00123622524,
      "user": 0.0010801799999999998,
      "system": 0.0004276519999999999,
      "min": 0.0011844597400000002,
      "max": 0.0022767397400000004,
      "times": [
        0.0022767397400000004,
        0.00130825174,
        0.00140345274,
        0.00119392974,
        0.00205379774,
        0.0011846697399999998,
        0.00125977074,
        0.0011844597400000002,
        0.00121267974,
        0.0012054197400000002
      ],
      "memory_usage_byte": [
        2359296,
        2359296,
        2359296,
        2359296,
        2359296,
        2359296,
        2359296,
        2359296,
        2359296,
        2359296
      ],
      "exit_codes": [
        0,
        0,
        0,
        0,
        0,
        0,
        0,
        0,
        0,
        0
      ]
    }
  ]
}
