{
  "results": [
    {
      "command": "./flex_a_and_asb < '../src/main/scala/com/ziplex/benchmark/res/as/5000.txt' > /dev/null",
      "mean": 0.06318880914000001,
      "stddev": 0.0007892808519438505,
      "median": 0.06311560054000001,
      "user": 0.06116764,
      "system": 0.0018218400000000004,
      "min": 0.062324978040000006,
      "max": 0.06509568304,
      "times": [
        0.06343429804,
        0.06509568304,
        0.06313099604,
        0.06310020504000001,
        0.06315343604000001,
        0.06366910004000001,
        0.06286282404,
        0.06265710704,
        0.062324978040000006,
        0.06245946404000001
      ],
      "memory_usage_byte": [
        2359296,
        2359296,
        2359296,
        2359296,
        2359296,
        2359296,
        2359296,
        2359296,
        2359296,
        2359296
      ],
      "exit_codes": [
        0,
        0,
        0,
        0,
        0,
        0,
        0,
        0,
        0,
        0
      ]
    }
  ]
}
