{
  "results": [
    {
      "command": "./flex_a_and_asb < '../src/main/scala/com/ziplex/benchmark/res/as/2000.txt' > /dev/null",
      "mean": 0.010927016539999999,
      "stddev": 0.0005574359127864437,
      "median": 0.01080907354,
      "user": 0.009668219999999998,
      "system": 0.0012563199999999998,
      "min": 0.01052320604,
      "max": 0.01240158304,
      "times": [
        0.01240158304,
        0.01093499004,
        0.010957060040000001,
        0.01077312804,
        0.01055560604,
        0.01059121604,
        0.010558346040000001,
        0.01052320604,
        0.01113001104,
        0.01084501904
      ],
      "memory_usage_byte": [
        2359296,
        2359296,
        2359296,
        2359296,
        2359296,
        2359296,
        2359296,
        2359296,
        2359296,
        2359296
      ],
      "exit_codes": [
        0,
        0,
        0,
        0,
        0,
        0,
        0,
        0,
        0,
        0
      ]
    }
  ]
}
