{
  "results": [
    {
      "command": "./flex_a_and_asb < '../src/main/scala/com/ziplex/benchmark/res/as/100.txt' > /dev/null",
      "mean": 0.0007338354600000002,
      "stddev": 0.0002713666445187724,
      "median": 0.0006210485600000001,
      "user": 0.00032049999999999993,
      "system": 0.000432536,
      "min": 0.0005352880600000001,
      "max": 0.00129443406,
      "times": [
        0.0007584690600000001,
        0.00129443406,
        0.00064320906,
        0.00053766806,
        0.0011670830600000002,
        0.0005580880600000002,
        0.00063440906,
        0.0006020180600000001,
        0.0005352880600000001,
        0.0006076880600000001
      ],
      "memory_usage_byte": [
        2359296,
        2359296,
        2359296,
        2359296,
        2359296,
        2359296,
        2359296,
        2359296,
        2359296,
        2359296
      ],
      "exit_codes": [
        0,
        0,
        0,
        0,
        0,
        0,
        0,
        0,
        0,
        0
      ]
    }
  ]
}
