{
  "results": [
    {
      "command": "./flex_a_and_asb < '../src/main/scala/com/ziplex/benchmark/res/as/800.txt' > /dev/null",
      "mean": 0.00258177642,
      "stddev": 0.0007020346758993541,
      "median": 0.00224241592,
      "user": 0.0018411399999999998,
      "system": 0.0007692160000000001,
      "min": 0.00213870342,
      "max": 0.00438093942,
      "times": [
        0.00438093942,
        0.00239009942,
        0.0022251654200000004,
        0.0022215254200000003,
        0.00213870342,
        0.0021712144200000004,
        0.0027944894200000003,
        0.00225966642,
        0.0030587164200000004,
        0.00217724442
      ],
      "memory_usage_byte": [
        2359296,
        2359296,
        2359296,
        2359296,
        2359296,
        2359296,
        2359296,
        2359296,
        2359296,
        2359296
      ],
      "exit_codes": [
        0,
        0,
        0,
        0,
        0,
        0,
        0,
        0,
        0,
        0
      ]
    }
  ]
}
