{
  "results": [
    {
      "command": "./flex_a_and_asb < '../src/main/scala/com/ziplex/benchmark/res/as/30000.txt' > /dev/null",
      "mean": 2.185389177,
      "stddev": 0.0012939569795617594,
      "median": 2.1852506667,
      "user": 2.1823806799999996,
      "system": 0.00235726,
      "min": 2.1831088227,
      "max": 2.1880551866999998,
      "times": [
        2.1880551866999998,
        2.1851269607,
        2.1843907837,
        2.1851828307,
        2.1855876947,
        2.1831088227,
        2.1853185027,
        2.1856663557,
        2.1849200787,
        2.1865345537
      ],
      "memory_usage_byte": [
        2359296,
        2359296,
        2359296,
        2359296,
        2359296,
        2359296,
        2359296,
        2359296,
        2359296,
        2359296
      ],
      "exit_codes": [
        0,
        0,
        0,
        0,
        0,
        0,
        0,
        0,
        0,
        0
      ]
    }
  ]
}
