{
  "results": [
    {
      "command": "./flex_a_and_asb < '../src/main/scala/com/ziplex/benchmark/res/as/1000.txt' > /dev/null",
      "mean": 0.0033425874200000002,
      "stddev": 0.0006573121282938404,
      "median": 0.0030927026200000002,
      "user": 0.0024319199999999997,
      "system": 0.0009116800000000001,
      "min": 0.00303666262,
      "max": 0.005144151620000001,
      "times": [
        0.005144151620000001,
        0.00363543762,
        0.00311244262,
        0.00305845262,
        0.00312024362,
        0.00307296262,
        0.00305561362,
        0.00303666262,
        0.00305810362,
        0.00313180362
      ],
      "memory_usage_byte": [
        2359296,
        2359296,
        2359296,
        2359296,
        2359296,
        2359296,
        2359296,
        2359296,
        2359296,
        2359296
      ],
      "exit_codes": [
        0,
        0,
        0,
        0,
        0,
        0,
        0,
        0,
        0,
        0
      ]
    }
  ]
}
