{
  "results": [
    {
      "command": "./flex_a_and_asb < '../src/main/scala/com/ziplex/benchmark/res/as/500.0.txt' > /dev/null",
      "mean": 0.0006689144000000004,
      "stddev": 0.00017079360933867918,
      "median": 0.0006309578000000003,
      "user": 0.0004978599999999999,
      "system": 0.00022575200000000007,
      "min": 0.00046155480000000014,
      "max": 0.0011261758000000004,
      "times": [
        0.0011261758000000004,
        0.0006430278000000002,
        0.00046155480000000014,
        0.0006812188000000003,
        0.0006421278000000003,
        0.0006279978000000003,
        0.0006272078000000002,
        0.0006335478000000003,
        0.0006283678000000003,
        0.0006179178000000001
      ],
      "memory_usage_byte": [
        2359296,
        2359296,
        2359296,
        2359296,
        2359296,
        2359296,
        2359296,
        2359296,
        2359296,
        2359296
      ],
      "exit_codes": [
        0,
        0,
        0,
        0,
        0,
        0,
        0,
        0,
        0,
        0
      ]
    }
  ]
}
