{
  "results": [
    {
      "command": "./flex_a_and_asb < '../src/main/scala/com/ziplex/benchmark/res/as/40000.txt' > /dev/null",
      "mean": 3.93889656414,
      "stddev": 0.02719710608800208,
      "median": 3.94195571434,
      "user": 3.93641346,
      "system": 0.0017459200000000002,
      "min": 3.89247761384,
      "max": 3.97956150684,
      "times": [
        3.97956150684,
        3.89247761384,
        3.96833665884,
        3.90940403584,
        3.95237003184,
        3.94067626984,
        3.9220057668400004,
        3.9432351588400003,
        3.9228621988400003,
        3.95803639984
      ],
      "memory_usage_byte": [
        2359296,
        2359296,
        2359296,
        2359296,
        2359296,
        2359296,
        2359296,
        2359296,
        2359296,
        2359296
      ],
      "exit_codes": [
        0,
        0,
        0,
        0,
        0,
        0,
        0,
        0,
        0,
        0
      ]
    }
  ]
}
