{
  "results": [
    {
      "command": "./flex_a_and_asb < '../src/main/scala/com/ziplex/benchmark/res/as/800.txt' > /dev/null",
      "mean": 0.0021155997800000005,
      "stddev": 0.000044838762383059135,
      "median": 0.0021269728800000004,
      "user": 0.00201442,
      "system": 0.00022443599999999995,
      "min": 0.0020474263800000004,
      "max": 0.0021730283800000002,
      "times": [
        0.00214465838,
        0.0020474263800000004,
        0.00214800838,
        0.0021471083800000002,
        0.00209099738,
        0.0021730283800000002,
        0.00215969838,
        0.00206015738,
        0.0021092873800000003,
        0.0020756273800000002
      ],
      "memory_usage_byte": [
        2359296,
        2359296,
        2359296,
        2359296,
        2359296,
        2359296,
        2359296,
        2359296,
        2359296,
        2359296
      ],
      "exit_codes": [
        0,
        0,
        0,
        0,
        0,
        0,
        0,
        0,
        0,
        0
      ]
    }
  ]
}
