{
  "results": [
    {
      "command": "./flex_a_and_asb < '../src/main/scala/com/ziplex/benchmark/res/as/15000.txt' > /dev/null",
      "mean": 0.5520056464600002,
      "stddev": 0.005870482406236498,
      "median": 0.54897302446,
      "user": 0.5494412,
      "system": 0.00236052,
      "min": 0.54784342246,
      "max": 0.56323311946,
      "times": [
        0.54895144446,
        0.54930665846,
        0.54868715146,
        0.54784342246,
        0.54844025846,
        0.54888041446,
        0.54899460446,
        0.55343971246,
        0.56227967846,
        0.56323311946
      ],
      "memory_usage_byte": [
        3145728,
        3145728,
        3145728,
        3145728,
        3145728,
        3145728,
        3145728,
        3145728,
        3145728,
        3145728
      ],
      "exit_codes": [
        0,
        0,
        0,
        0,
        0,
        0,
        0,
        0,
        0,
        0
      ]
    }
  ]
}
