{
  "results": [
    {
      "command": "./flex_a_and_asb < '../src/main/scala/com/ziplex/benchmark/res/as/2000.txt' > /dev/null",
      "mean": 0.01078598326,
      "stddev": 0.0002062378712282659,
      "median": 0.01076076416,
      "user": 0.010121479999999999,
      "system": 0.000660972,
      "min": 0.01058213216,
      "max": 0.011322020160000001,
      "times": [
        0.011322020160000001,
        0.01084479416,
        0.01078236416,
        0.01058213216,
        0.010600712160000001,
        0.010801995160000001,
        0.01074593416,
        0.01069536316,
        0.01070892316,
        0.01077559416
      ],
      "memory_usage_byte": [
        2359296,
        2359296,
        2359296,
        2359296,
        2359296,
        2359296,
        2359296,
        2359296,
        2359296,
        2359296
      ],
      "exit_codes": [
        0,
        0,
        0,
        0,
        0,
        0,
        0,
        0,
        0,
        0
      ]
    }
  ]
}
