{
  "results": [
    {
      "command": "./flex_a_and_asb < '../src/main/scala/com/ziplex/benchmark/res/as/50000.txt' > /dev/null",
      "mean": 6.144516965340001,
      "stddev": 0.03381688049437401,
      "median": 6.158771034240001,
      "user": 6.1413294800000005,
      "system": 0.002222,
      "min": 6.068146591740001,
      "max": 6.171566886740001,
      "times": [
        6.068146591740001,
        6.16194638274,
        6.169927388740001,
        6.14598996774,
        6.149972235740001,
        6.09911476274,
        6.16096336874,
        6.1608320267400005,
        6.171566886740001,
        6.15671004174
      ],
      "memory_usage_byte": [
        2359296,
        2359296,
        2359296,
        2359296,
        2359296,
        2359296,
        2359296,
        2359296,
        2359296,
        2359296
      ],
      "exit_codes": [
        0,
        0,
        0,
        0,
        0,
        0,
        0,
        0,
        0,
        0
      ]
    }
  ]
}
