{
  "results": [
    {
      "command": "./flex_a_and_asb < '../src/main/scala/com/ziplex/benchmark/res/as/300.txt' > /dev/null",
      "mean": 0.0008179439600000001,
      "stddev": 0.00020775535454535624,
      "median": 0.0007419443600000001,
      "user": 0.00055865,
      "system": 0.000368842,
      "min": 0.0007030633600000002,
      "max": 0.0013776703600000002,
      "times": [
        0.0013776703600000002,
        0.00075104436,
        0.0007328443600000002,
        0.0007036533600000001,
        0.0009326863600000001,
        0.0007194243600000001,
        0.00076500436,
        0.0007200443600000001,
        0.0007740043600000001,
        0.0007030633600000002
      ],
      "memory_usage_byte": [
        2359296,
        2359296,
        2359296,
        2359296,
        2359296,
        2359296,
        2359296,
        2359296,
        2359296,
        2359296
      ],
      "exit_codes": [
        0,
        0,
        0,
        0,
        0,
        0,
        0,
        0,
        0,
        0
      ]
    }
  ]
}
