{
  "results": [
    {
      "command": "./flex_a_and_asb < '../src/main/scala/com/ziplex/benchmark/res/as/30000.txt' > /dev/null",
      "mean": 2.21507567578,
      "stddev": 0.026273387154764922,
      "median": 2.2134618910799997,
      "user": 2.21280518,
      "system": 0.0018784799999999996,
      "min": 2.18594269358,
      "max": 2.25261718658,
      "times": [
        2.25261718658,
        2.18594269358,
        2.1968846015800003,
        2.25050719458,
        2.20450597358,
        2.18634263758,
        2.23354325858,
        2.22241780858,
        2.1870652335800003,
        2.23093016958
      ],
      "memory_usage_byte": [
        2359296,
        2359296,
        2359296,
        2359296,
        2359296,
        2359296,
        2359296,
        2359296,
        2359296,
        2359296
      ],
      "exit_codes": [
        0,
        0,
        0,
        0,
        0,
        0,
        0,
        0,
        0,
        0
      ]
    }
  ]
}
