{
  "results": [
    {
      "command": "./flex_a_and_asb < '../src/main/scala/com/ziplex/benchmark/res/as/17500.txt' > /dev/null",
      "mean": 0.7466651755799999,
      "stddev": 0.001013130949912585,
      "median": 0.74630163948,
      "user": 0.7439539999999999,
      "system": 0.002377679999999999,
      "min": 0.74579856248,
      "max": 0.74896980148,
      "times": [
        0.74679214148,
        0.74896980148,
        0.74608594448,
        0.74635228348,
        0.74795255448,
        0.74640829048,
        0.74579856248,
        0.74625099548,
        0.74601055448,
        0.74603062748
      ],
      "memory_usage_byte": [
        2359296,
        2359296,
        2359296,
        2359296,
        2359296,
        2359296,
        2359296,
        2359296,
        2359296,
        2359296
      ],
      "exit_codes": [
        0,
        0,
        0,
        0,
        0,
        0,
        0,
        0,
        0,
        0
      ]
    }
  ]
}
