{
  "results": [
    {
      "command": "./flex_a_and_asb < '../src/main/scala/com/ziplex/benchmark/res/as/20000.txt' > /dev/null",
      "mean": 0.9741121994599998,
      "stddev": 0.0019072792632572016,
      "median": 0.97361663806,
      "user": 0.97128558,
      "system": 0.0019264,
      "min": 0.9728684480600001,
      "max": 0.9793850390600001,
      "times": [
        0.97436071306,
        0.97359406906,
        0.9793850390600001,
        0.9736459070600001,
        0.9736392070600001,
        0.97401546206,
        0.97338725006,
        0.9733207880600001,
        0.9729051110600001,
        0.9728684480600001
      ],
      "memory_usage_byte": [
        2359296,
        2359296,
        2359296,
        2359296,
        2359296,
        2359296,
        2359296,
        2359296,
        2359296,
        2359296
      ],
      "exit_codes": [
        0,
        0,
        0,
        0,
        0,
        0,
        0,
        0,
        0,
        0
      ]
    }
  ]
}
