{
  "results": [
    {
      "command": "./flex_a_and_asb < '../src/main/scala/com/ziplex/benchmark/res/as/52500.txt' > /dev/null",
      "mean": 6.6912676221,
      "stddev": 0.0037223719712473763,
      "median": 6.6899935901,
      "user": 6.686326939999999,
      "system": 0.0028153600000000003,
      "min": 6.6876045226,
      "max": 6.6996198516000005,
      "times": [
        6.6876045226,
        6.6902802546,
        6.6897069256,
        6.6913822576,
        6.6887978256,
        6.696179126600001,
        6.6893699126,
        6.690291682600001,
        6.6996198516000005,
        6.6894438616
      ],
      "memory_usage_byte": [
        2359296,
        2359296,
        2359296,
        2359296,
        2359296,
        2359296,
        2359296,
        2359296,
        2359296,
        2359296
      ],
      "exit_codes": [
        0,
        0,
        0,
        0,
        0,
        0,
        0,
        0,
        0,
        0
      ]
    }
  ]
}
