{
  "results": [
    {
      "command": "./flex_a_and_asb < '../src/main/scala/com/ziplex/benchmark/res/as/1200.txt' > /dev/null",
      "mean": 0.004512760960000001,
      "stddev": 0.0009007005348821921,
      "median": 0.00420248176,
      "user": 0.00402722,
      "system": 0.000532544,
      "min": 0.00413793576,
      "max": 0.007063027760000001,
      "times": [
        0.007063027760000001,
        0.00442271876,
        0.0043078577600000004,
        0.00417104576,
        0.004140246760000001,
        0.00431034776,
        0.00420208676,
        0.00413793576,
        0.00416946576,
        0.00420287676
      ],
      "memory_usage_byte": [
        2359296,
        2359296,
        2359296,
        2359296,
        2359296,
        2359296,
        2359296,
        2359296,
        2359296,
        2359296
      ],
      "exit_codes": [
        0,
        0,
        0,
        0,
        0,
        0,
        0,
        0,
        0,
        0
      ]
    }
  ]
}
