{
  "results": [
    {
      "command": "./flex_a_and_asb < '../src/main/scala/com/ziplex/benchmark/res/as/1000.txt' > /dev/null",
      "mean": 0.00305600886,
      "stddev": 0.0002067802872760254,
      "median": 0.0029999560600000004,
      "user": 0.0025658200000000008,
      "system": 0.000526954,
      "min": 0.00290653606,
      "max": 0.0036287530600000004,
      "times": [
        0.0036287530600000004,
        0.00306571706,
        0.00304572706,
        0.00300869606,
        0.00297556606,
        0.00294867506,
        0.00290653606,
        0.0029912160600000003,
        0.00296087606,
        0.00302832606
      ],
      "memory_usage_byte": [
        2359296,
        2359296,
        2359296,
        2359296,
        2359296,
        2359296,
        2359296,
        2359296,
        2359296,
        2359296
      ],
      "exit_codes": [
        0,
        0,
        0,
        0,
        0,
        0,
        0,
        0,
        0,
        0
      ]
    }
  ]
}
