{
  "results": [
    {
      "command": "./flex_a_and_asb < '../src/main/scala/com/ziplex/benchmark/res/as/300.txt' > /dev/null",
      "mean": 0.00105632894,
      "stddev": 0.0006315266298339552,
      "median": 0.0007869075399999999,
      "user": 0.000500892,
      "system": 0.000645188,
      "min": 0.00070458604,
      "max": 0.00263248804,
      "times": [
        0.00173557304,
        0.0007978280399999999,
        0.0007648070399999999,
        0.00076113704,
        0.0007759870399999998,
        0.00080504804,
        0.00070458604,
        0.0007754670399999999,
        0.0008103680399999998,
        0.00263248804
      ],
      "memory_usage_byte": [
        2359296,
        2359296,
        2359296,
        2359296,
        2359296,
        2359296,
        2359296,
        2359296,
        2359296,
        2359296
      ],
      "exit_codes": [
        0,
        0,
        0,
        0,
        0,
        0,
        0,
        0,
        0,
        0
      ]
    }
  ]
}
