{
  "results": [
    {
      "command": "./flex_a_and_asb < '../src/main/scala/com/ziplex/benchmark/res/as/97500.txt' > /dev/null",
      "mean": 23.09425889078,
      "stddev": 0.09437832632964714,
      "median": 23.06287627348,
      "user": 23.05635278,
      "system": 0.00296672,
      "min": 23.05424911048,
      "max": 23.36150420448,
      "times": [
        23.36150420448,
        23.06566727648,
        23.08629247448,
        23.07410992648,
        23.05424911048,
        23.05715017948,
        23.05892978748,
        23.06015399248,
        23.05893340148,
        23.06559855448
      ],
      "memory_usage_byte": [
        2359296,
        2359296,
        2359296,
        2359296,
        2359296,
        2359296,
        2359296,
        2359296,
        2359296,
        2359296
      ],
      "exit_codes": [
        0,
        0,
        0,
        0,
        0,
        0,
        0,
        0,
        0,
        0
      ]
    }
  ]
}
