{
  "results": [
    {
      "command": "./flex_a_and_asb < '../src/main/scala/com/ziplex/benchmark/res/as/25000.txt' > /dev/null",
      "mean": 1.5194779643200003,
      "stddev": 0.00179595587995731,
      "median": 1.5189545876200001,
      "user": 1.5173894,
      "system": 0.00166546,
      "min": 1.5183979746200003,
      "max": 1.52447783962,
      "times": [
        1.5192252896200003,
        1.51947027062,
        1.5185942886200001,
        1.5188005396200002,
        1.52447783962,
        1.51910863562,
        1.5185980596200002,
        1.5183979746200003,
        1.51867317262,
        1.5194335726200001
      ],
      "memory_usage_byte": [
        2359296,
        2359296,
        2359296,
        2359296,
        2359296,
        2359296,
        2359296,
        2359296,
        2359296,
        2359296
      ],
      "exit_codes": [
        0,
        0,
        0,
        0,
        0,
        0,
        0,
        0,
        0,
        0
      ]
    }
  ]
}
