{
  "results": [
    {
      "command": "./flex_a_and_asb < '../src/main/scala/com/ziplex/benchmark/res/as/72500.txt' > /dev/null",
      "mean": 12.75121475492,
      "stddev": 0.004846887877993075,
      "median": 12.75049541802,
      "user": 12.745313719999999,
      "system": 0.0025361,
      "min": 12.74487189102,
      "max": 12.76029454002,
      "times": [
        12.76029454002,
        12.74839893302,
        12.75571092502,
        12.74859907702,
        12.75179863402,
        12.74487189102,
        12.74919220202,
        12.75469637802,
        12.74543070202,
        12.753154267020001
      ],
      "memory_usage_byte": [
        2359296,
        2359296,
        2359296,
        2359296,
        2359296,
        2359296,
        2359296,
        2359296,
        2359296,
        2359296
      ],
      "exit_codes": [
        0,
        0,
        0,
        0,
        0,
        0,
        0,
        0,
        0,
        0
      ]
    }
  ]
}
