{
  "results": [
    {
      "command": "./flex_a_and_asb < '../src/main/scala/com/ziplex/benchmark/res/as/62500.txt' > /dev/null",
      "mean": 9.487600388199999,
      "stddev": 0.0061810276559339065,
      "median": 9.4880721193,
      "user": 9.482332580000001,
      "system": 0.0023524999999999996,
      "min": 9.4786815343,
      "max": 9.498609052299999,
      "times": [
        9.4874049473,
        9.4887392913,
        9.4940215753,
        9.498609052299999,
        9.4900869503,
        9.489545979299999,
        9.4839342583,
        9.486018913299999,
        9.4786815343,
        9.4789613803
      ],
      "memory_usage_byte": [
        2359296,
        2359296,
        2359296,
        2359296,
        2359296,
        2359296,
        2359296,
        2359296,
        2359296,
        2359296
      ],
      "exit_codes": [
        0,
        0,
        0,
        0,
        0,
        0,
        0,
        0,
        0,
        0
      ]
    }
  ]
}
