{
  "results": [
    {
      "command": "./flex_a_and_asb < '../src/main/scala/com/ziplex/benchmark/res/as/57500.txt' > /dev/null",
      "mean": 8.028297474979999,
      "stddev": 0.008360493444416636,
      "median": 8.025180369880001,
      "user": 8.02286206,
      "system": 0.0026512400000000005,
      "min": 8.02301314338,
      "max": 8.05065877538,
      "times": [
        8.026488204380001,
        8.05065877538,
        8.02717537638,
        8.02301314338,
        8.030634880380001,
        8.02367597638,
        8.02387253538,
        8.02354769738,
        8.02348820638,
        8.030419954380001
      ],
      "memory_usage_byte": [
        2359296,
        2359296,
        2359296,
        2359296,
        2359296,
        2359296,
        2359296,
        2359296,
        2359296,
        2359296
      ],
      "exit_codes": [
        0,
        0,
        0,
        0,
        0,
        0,
        0,
        0,
        0,
        0
      ]
    }
  ]
}
