{
  "results": [
    {
      "command": "./flex_a_and_asb < '../src/main/scala/com/ziplex/benchmark/res/as/32500.txt' > /dev/null",
      "mean": 2.5664129117199996,
      "stddev": 0.002304747073922303,
      "median": 2.56538960582,
      "user": 2.5627281799999997,
      "system": 0.0021411199999999994,
      "min": 2.56454112182,
      "max": 2.57180384282,
      "times": [
        2.56896457482,
        2.5671042058199998,
        2.5650278008200003,
        2.56492219282,
        2.56589596782,
        2.56537868282,
        2.56509019882,
        2.56454112182,
        2.56540052882,
        2.57180384282
      ],
      "memory_usage_byte": [
        2359296,
        2359296,
        2359296,
        2359296,
        2359296,
        2359296,
        2359296,
        2359296,
        2359296,
        2359296
      ],
      "exit_codes": [
        0,
        0,
        0,
        0,
        0,
        0,
        0,
        0,
        0,
        0
      ]
    }
  ]
}
