{
  "results": [
    {
      "command": "./flex_a_and_asb < '../src/main/scala/com/ziplex/benchmark/res/as/80000.txt' > /dev/null",
      "mean": 15.527381443860003,
      "stddev": 0.008446803344460746,
      "median": 15.526741519760002,
      "user": 15.520366139999998,
      "system": 0.00220453,
      "min": 15.518802239260001,
      "max": 15.548857981260001,
      "times": [
        15.529974539260001,
        15.52811222026,
        15.52551141626,
        15.518802239260001,
        15.52246397226,
        15.527971623260001,
        15.524685360260001,
        15.519364972260002,
        15.548857981260001,
        15.52807011426
      ],
      "memory_usage_byte": [
        2359296,
        2359296,
        2359296,
        2359296,
        2359296,
        2359296,
        2359296,
        2359296,
        2359296,
        2359296
      ],
      "exit_codes": [
        0,
        0,
        0,
        0,
        0,
        0,
        0,
        0,
        0,
        0
      ]
    }
  ]
}
