{
  "results": [
    {
      "command": "./flex_a_and_asb < '../src/main/scala/com/ziplex/benchmark/res/as/55000.txt' > /dev/null",
      "mean": 7.34341242828,
      "stddev": 0.0031367315008660945,
      "median": 7.3420196104799995,
      "user": 7.3385379,
      "system": 0.0024995599999999996,
      "min": 7.34126482198,
      "max": 7.35070337498,
      "times": [
        7.34126482198,
        7.34196687098,
        7.35070337498,
        7.34204362698,
        7.34179460898,
        7.34175280498,
        7.34245729298,
        7.34252172498,
        7.34762356198,
        7.34199559398
      ],
      "memory_usage_byte": [
        2359296,
        2359296,
        2359296,
        2359296,
        2359296,
        2359296,
        2359296,
        2359296,
        2359296,
        2359296
      ],
      "exit_codes": [
        0,
        0,
        0,
        0,
        0,
        0,
        0,
        0,
        0,
        0
      ]
    }
  ]
}
