{
  "results": [
    {
      "command": "./flex_a_and_asb < '../src/main/scala/com/ziplex/benchmark/res/as/60000.txt' > /dev/null",
      "mean": 8.74150083924,
      "stddev": 0.007938024132528431,
      "median": 8.73812053034,
      "user": 8.735907899999999,
      "system": 0.00249726,
      "min": 8.73664122284,
      "max": 8.76313090284,
      "times": [
        8.73664122284,
        8.74219447684,
        8.73725496284,
        8.73758531584,
        8.76313090284,
        8.738085226839999,
        8.73815583384,
        8.73760770284,
        8.743374272839999,
        8.74097847484
      ],
      "memory_usage_byte": [
        2359296,
        2359296,
        2359296,
        2359296,
        2359296,
        2359296,
        2359296,
        2359296,
        2359296,
        2359296
      ],
      "exit_codes": [
        0,
        0,
        0,
        0,
        0,
        0,
        0,
        0,
        0,
        0
      ]
    }
  ]
}
