{
  "results": [
    {
      "command": "./flex_a_and_asb < '../src/main/scala/com/ziplex/benchmark/res/as/30000.txt' > /dev/null",
      "mean": 2.18632123716,
      "stddev": 0.0006171743184355893,
      "median": 2.18624668116,
      "user": 2.1837483000000004,
      "system": 0.0022094199999999997,
      "min": 2.18570262166,
      "max": 2.18777806066,
      "times": [
        2.18671727066,
        2.18639015866,
        2.18570262166,
        2.18777806066,
        2.18625012966,
        2.1862432326600003,
        2.18656057266,
        2.18580670466,
        2.18573660966,
        2.18602701066
      ],
      "memory_usage_byte": [
        2359296,
        2359296,
        2359296,
        2359296,
        2359296,
        2359296,
        2359296,
        2359296,
        2359296,
        2359296
      ],
      "exit_codes": [
        0,
        0,
        0,
        0,
        0,
        0,
        0,
        0,
        0,
        0
      ]
    }
  ]
}
