{
  "results": [
    {
      "command": "./flex_a_and_asb < '../src/main/scala/com/ziplex/benchmark/res/as/15000.txt' > /dev/null",
      "mean": 0.54967728656,
      "stddev": 0.0012156457598587063,
      "median": 0.5493067759600001,
      "user": 0.5475091799999999,
      "system": 0.0019490279999999998,
      "min": 0.54836304296,
      "max": 0.55144297896,
      "times": [
        0.5512886529600001,
        0.55005953896,
        0.55144297896,
        0.5494254899600001,
        0.54918806196,
        0.54836304296,
        0.55109106896,
        0.5485149279600001,
        0.5484274349600001,
        0.5489716679600001
      ],
      "memory_usage_byte": [
        2359296,
        2359296,
        2359296,
        2359296,
        2359296,
        2359296,
        2359296,
        2359296,
        2359296,
        2359296
      ],
      "exit_codes": [
        0,
        0,
        0,
        0,
        0,
        0,
        0,
        0,
        0,
        0
      ]
    }
  ]
}
