{
  "results": [
    {
      "command": "./flex_a_and_asb < '../src/main/scala/com/ziplex/benchmark/res/as/500.txt' > /dev/null",
      "mean": 0.0015699765,
      "stddev": 0.0006666233531616553,
      "median": 0.0012159166000000002,
      "user": 0.0010126799999999997,
      "system": 0.000587916,
      "min": 0.0011540761,
      "max": 0.0030968621,
      "times": [
        0.0030968621,
        0.0012597781,
        0.0018911161,
        0.0011896061000000002,
        0.0012422271000000003,
        0.0023328811000000002,
        0.0011802761,
        0.0011831661000000003,
        0.0011540761,
        0.0011697761
      ],
      "memory_usage_byte": [
        2359296,
        2359296,
        2359296,
        2359296,
        2359296,
        2359296,
        2359296,
        2359296,
        2359296,
        2359296
      ],
      "exit_codes": [
        0,
        0,
        0,
        0,
        0,
        0,
        0,
        0,
        0,
        0
      ]
    }
  ]
}
