{
  "results": [
    {
      "command": "./flex_a_and_asb < '../src/main/scala/com/ziplex/benchmark/res/as/50000.txt' > /dev/null",
      "mean": 6.0740750525,
      "stddev": 0.005379339469418218,
      "median": 6.07394977,
      "user": 6.06966746,
      "system": 0.0025513800000000002,
      "min": 6.06798282,
      "max": 6.082222064,
      "times": [
        6.0758817999999994,
        6.079101531,
        6.073694396,
        6.074205144,
        6.082222064,
        6.070543881,
        6.068195085999999,
        6.068101382,
        6.080822421,
        6.06798282
      ],
      "memory_usage_byte": [
        2359296,
        2359296,
        2359296,
        2359296,
        2359296,
        2359296,
        2359296,
        2359296,
        2359296,
        2359296
      ],
      "exit_codes": [
        0,
        0,
        0,
        0,
        0,
        0,
        0,
        0,
        0,
        0
      ]
    }
  ]
}
