{
  "results": [
    {
      "command": "./flex_a_and_asb < '../src/main/scala/com/ziplex/benchmark/res/as/5000.txt' > /dev/null",
      "mean": 0.06228147091999999,
      "stddev": 0.00033376054112991453,
      "median": 0.06215821642,
      "user": 0.06098794,
      "system": 0.0011803800000000002,
      "min": 0.061972479920000004,
      "max": 0.06298864092,
      "times": [
        0.062032830920000004,
        0.06222757192,
        0.06205453992,
        0.06250768592,
        0.06261319592,
        0.06198406992000001,
        0.061972479920000004,
        0.06234483292000001,
        0.06298864092,
        0.06208886092
      ],
      "memory_usage_byte": [
        2359296,
        2359296,
        2359296,
        2359296,
        2359296,
        2359296,
        2359296,
        2359296,
        2359296,
        2359296
      ],
      "exit_codes": [
        0,
        0,
        0,
        0,
        0,
        0,
        0,
        0,
        0,
        0
      ]
    }
  ]
}
