{
  "results": [
    {
      "command": "./flex_a_and_asb < '../src/main/scala/com/ziplex/benchmark/res/as/25000.txt' > /dev/null",
      "mean": 1.5182112586399998,
      "stddev": 0.0009508160143085552,
      "median": 1.51832287064,
      "user": 1.51584158,
      "system": 0.002159662,
      "min": 1.51683113064,
      "max": 1.51983104864,
      "times": [
        1.51742624364,
        1.51796024364,
        1.51792799864,
        1.51683113064,
        1.51868549764,
        1.51887755364,
        1.51887098864,
        1.5169893316399998,
        1.51983104864,
        1.5187125496399998
      ],
      "memory_usage_byte": [
        2359296,
        2359296,
        2359296,
        2359296,
        2359296,
        2359296,
        2359296,
        2359296,
        2359296,
        2359296
      ],
      "exit_codes": [
        0,
        0,
        0,
        0,
        0,
        0,
        0,
        0,
        0,
        0
      ]
    }
  ]
}
