{
  "results": [
    {
      "command": "./flex_a_and_asb < '../src/main/scala/com/ziplex/benchmark/res/as/300.txt' > /dev/null",
      "mean": 0.0009086962200000002,
      "stddev": 0.0004141085404847382,
      "median": 0.0007520874200000001,
      "user": 0.000529646,
      "system": 0.00047318199999999983,
      "min": 0.0006891364200000001,
      "max": 0.00205991242,
      "times": [
        0.00205991242,
        0.0009253194200000001,
        0.0008084884200000002,
        0.0007583774200000001,
        0.00071082742,
        0.00071360642,
        0.00094530942,
        0.00074579742,
        0.0007301874200000001,
        0.0006891364200000001
      ],
      "memory_usage_byte": [
        2359296,
        2359296,
        2359296,
        2359296,
        2359296,
        2359296,
        2359296,
        2359296,
        2359296,
        2359296
      ],
      "exit_codes": [
        0,
        0,
        0,
        0,
        0,
        0,
        0,
        0,
        0,
        0
      ]
    }
  ]
}
