{
  "results": [
    {
      "command": "./flex_a_and_asb < '../src/main/scala/com/ziplex/benchmark/res/as/1200.txt' > /dev/null",
      "mean": 0.004161392,
      "stddev": 0.0002536378924167287,
      "median": 0.0040870334000000005,
      "user": 0.00354318,
      "system": 0.0006807180000000001,
      "min": 0.0040418124,
      "max": 0.0048796814,
      "times": [
        0.0048796814,
        0.0041081734,
        0.0041085134,
        0.0041137734,
        0.0040795334,
        0.0040590434,
        0.0040815234,
        0.0040493224,
        0.0040925434,
        0.0040418124
      ],
      "memory_usage_byte": [
        2359296,
        2359296,
        2359296,
        2359296,
        2359296,
        2359296,
        2359296,
        2359296,
        2359296,
        2359296
      ],
      "exit_codes": [
        0,
        0,
        0,
        0,
        0,
        0,
        0,
        0,
        0,
        0
      ]
    }
  ]
}
