{
  "results": [
    {
      "command": "./flex_a_and_asb < '../src/main/scala/com/ziplex/benchmark/res/as/50000.txt' > /dev/null",
      "mean": 6.064757361880001,
      "stddev": 0.001854124725223907,
      "median": 6.064497963580001,
      "user": 6.0619571400000005,
      "system": 0.0018805800000000002,
      "min": 6.062897109580001,
      "max": 6.068139957580001,
      "times": [
        6.0678814585800005,
        6.064448978580001,
        6.06454694858,
        6.068139957580001,
        6.06455970758,
        6.062897109580001,
        6.065060685580001,
        6.06326573758,
        6.06349541258,
        6.06327762258
      ],
      "memory_usage_byte": [
        2359296,
        2359296,
        2359296,
        2359296,
        2359296,
        2359296,
        2359296,
        2359296,
        2359296,
        2359296
      ],
      "exit_codes": [
        0,
        0,
        0,
        0,
        0,
        0,
        0,
        0,
        0,
        0
      ]
    }
  ]
}
