{
  "results": [
    {
      "command": "./flex_a_and_asb < '../src/main/scala/com/ziplex/benchmark/res/as/800.txt' > /dev/null",
      "mean": 0.0022243388599999998,
      "stddev": 0.0004470701995561274,
      "median": 0.00208086246,
      "user": 0.00164938,
      "system": 0.000625308,
      "min": 0.00200793646,
      "max": 0.00349053346,
      "times": [
        0.00349053346,
        0.00217602846,
        0.0021207774600000002,
        0.00206585646,
        0.00200793646,
        0.00209758746,
        0.00204951646,
        0.00207789746,
        0.0020838274600000002,
        0.00207342746
      ],
      "memory_usage_byte": [
        2359296,
        2359296,
        2359296,
        2359296,
        2359296,
        2359296,
        2359296,
        2359296,
        2359296,
        2359296
      ],
      "exit_codes": [
        0,
        0,
        0,
        0,
        0,
        0,
        0,
        0,
        0,
        0
      ]
    }
  ]
}
