{
  "results": [
    {
      "command": "./flex_a_and_asb < '../src/main/scala/com/ziplex/benchmark/res/as/15000.txt' > /dev/null",
      "mean": 0.5475060159,
      "stddev": 0.0005405124761346044,
      "median": 0.5472900395,
      "user": 0.5460287800000001,
      "system": 0.0013094179999999997,
      "min": 0.5470602655,
      "max": 0.5488378975,
      "times": [
        0.5478402715,
        0.5471286825,
        0.5473999445000001,
        0.5472460825000001,
        0.5471455595,
        0.5473143815,
        0.5478213765000001,
        0.5488378975,
        0.5472656975,
        0.5470602655
      ],
      "memory_usage_byte": [
        2359296,
        2359296,
        2359296,
        2359296,
        2359296,
        2359296,
        2359296,
        2359296,
        2359296,
        2359296
      ],
      "exit_codes": [
        0,
        0,
        0,
        0,
        0,
        0,
        0,
        0,
        0,
        0
      ]
    }
  ]
}
