{
  "results": [
    {
      "command": "./flex_a_and_asb < '../src/main/scala/com/ziplex/benchmark/res/as/30000.txt' > /dev/null",
      "mean": 2.18537355808,
      "stddev": 0.002006235204620917,
      "median": 2.18465300428,
      "user": 2.18285228,
      "system": 0.0017041600000000001,
      "min": 2.18373057178,
      "max": 2.18983194578,
      "times": [
        2.18983194578,
        2.1848255277799997,
        2.18819434578,
        2.18420529978,
        2.18412399778,
        2.18448048078,
        2.18519504878,
        2.18373057178,
        2.1841514967799998,
        2.1849968657799996
      ],
      "memory_usage_byte": [
        2359296,
        2359296,
        2359296,
        2359296,
        2359296,
        2359296,
        2359296,
        2359296,
        2359296,
        2359296
      ],
      "exit_codes": [
        0,
        0,
        0,
        0,
        0,
        0,
        0,
        0,
        0,
        0
      ]
    }
  ]
}
