{
  "results": [
    {
      "command": "./flex_a_and_asb < '../src/main/scala/com/ziplex/benchmark/res/as/40000.txt' > /dev/null",
      "mean": 3.8823842059800002,
      "stddev": 0.0013807980010581812,
      "median": 3.8819541073800004,
      "user": 3.8796538999999997,
      "system": 0.0019336199999999998,
      "min": 3.88079306488,
      "max": 3.8849584788800002,
      "times": [
        3.88352798988,
        3.88210932488,
        3.88124241688,
        3.88124566988,
        3.88217872288,
        3.88419565788,
        3.88179184388,
        3.88079306488,
        3.88179888988,
        3.8849584788800002
      ],
      "memory_usage_byte": [
        2359296,
        2359296,
        2359296,
        2359296,
        2359296,
        2359296,
        2359296,
        2359296,
        2359296,
        2359296
      ],
      "exit_codes": [
        0,
        0,
        0,
        0,
        0,
        0,
        0,
        0,
        0,
        0
      ]
    }
  ]
}
