{
  "results": [
    {
      "command": "./flex_a_and_asb < '../src/main/scala/com/ziplex/benchmark/res/as/100.txt' > /dev/null",
      "mean": 0.0005954550800000001,
      "stddev": 0.00017765911377866944,
      "median": 0.0005485102800000001,
      "user": 0.00025273999999999994,
      "system": 0.0003448,
      "min": 0.0004926852800000002,
      "max": 0.00109406128,
      "times": [
        0.00109406128,
        0.00059189628,
        0.0005407852800000001,
        0.00055623528,
        0.0005652152800000001,
        0.00053487528,
        0.00050570528,
        0.0005168552800000002,
        0.0005562362800000002,
        0.0004926852800000002
      ],
      "memory_usage_byte": [
        2359296,
        2359296,
        2359296,
        2359296,
        2359296,
        2359296,
        2359296,
        2359296,
        2359296,
        2359296
      ],
      "exit_codes": [
        0,
        0,
        0,
        0,
        0,
        0,
        0,
        0,
        0,
        0
      ]
    }
  ]
}
