{
  "results": [
    {
      "command": "./flex_a_and_asb < '../src/main/scala/com/ziplex/benchmark/res/as/35000.txt' > /dev/null",
      "mean": 3.00497172504,
      "stddev": 0.02787863662614493,
      "median": 3.0013479512399996,
      "user": 3.0018117199999996,
      "system": 0.00242986,
      "min": 2.9738460602399996,
      "max": 3.05488169724,
      "times": [
        2.97538193624,
        2.97416867324,
        2.9738460602399996,
        3.05488169724,
        2.9921146362399997,
        3.0314688522399997,
        3.00719447024,
        3.0145592992399997,
        3.0306001932399997,
        2.9955014322399998
      ],
      "memory_usage_byte": [
        2359296,
        2359296,
        2359296,
        2359296,
        2359296,
        2359296,
        2359296,
        2359296,
        2359296,
        2359296
      ],
      "exit_codes": [
        0,
        0,
        0,
        0,
        0,
        0,
        0,
        0,
        0,
        0
      ]
    }
  ]
}
