{
  "results": [
    {
      "command": "./flex_a_and_asb < '../src/main/scala/com/ziplex/benchmark/res/as/5000.txt' > /dev/null",
      "mean": 0.06469105504,
      "stddev": 0.0007636506834401085,
      "median": 0.06482369544,
      "user": 0.0626572,
      "system": 0.0019292,
      "min": 0.06364219894,
      "max": 0.06613734494000001,
      "times": [
        0.06613734494000001,
        0.06480672094,
        0.06484066994,
        0.06531824994,
        0.06367757894000001,
        0.06364219894,
        0.06457786594,
        0.06495411294,
        0.06401559494,
        0.06494021294
      ],
      "memory_usage_byte": [
        2359296,
        2359296,
        2359296,
        2359296,
        2359296,
        2359296,
        2359296,
        2359296,
        2359296,
        2359296
      ],
      "exit_codes": [
        0,
        0,
        0,
        0,
        0,
        0,
        0,
        0,
        0,
        0
      ]
    }
  ]
}
