{
  "results": [
    {
      "command": "./flex_a_and_asb < '../src/main/scala/com/ziplex/benchmark/res/as/45000.txt' > /dev/null",
      "mean": 4.984037031640001,
      "stddev": 0.021784993474489533,
      "median": 4.978881443540001,
      "user": 4.9812970199999995,
      "system": 0.0020073,
      "min": 4.95587046454,
      "max": 5.014155549540001,
      "times": [
        5.014155549540001,
        4.96817821654,
        4.95587046454,
        5.01334239354,
        5.006720678540001,
        4.9674295955400005,
        4.96181271154,
        4.9782855365400005,
        4.995097819540001,
        4.979477350540001
      ],
      "memory_usage_byte": [
        2359296,
        2359296,
        2359296,
        2359296,
        2359296,
        2359296,
        2359296,
        2359296,
        2359296,
        2359296
      ],
      "exit_codes": [
        0,
        0,
        0,
        0,
        0,
        0,
        0,
        0,
        0,
        0
      ]
    }
  ]
}
