{
  "results": [
    {
      "command": "./flex_a_and_asb < '../src/main/scala/com/ziplex/benchmark/res/as/500.txt' > /dev/null",
      "mean": 0.0013360680400000004,
      "stddev": 0.00008573209449344703,
      "median": 0.0013061908400000002,
      "user": 0.0007860499999999999,
      "system": 0.0006679000000000001,
      "min": 0.0012843393400000002,
      "max": 0.0015738753400000001,
      "times": [
        0.0015738753400000001,
        0.0013006503400000001,
        0.0012989203400000002,
        0.0013087813400000001,
        0.00131737134,
        0.0013036003400000002,
        0.0012954203400000002,
        0.0012843393400000002,
        0.00135421134,
        0.0013235103400000001
      ],
      "memory_usage_byte": [
        2359296,
        2359296,
        2359296,
        2359296,
        2359296,
        2359296,
        2359296,
        2359296,
        2359296,
        2359296
      ],
      "exit_codes": [
        0,
        0,
        0,
        0,
        0,
        0,
        0,
        0,
        0,
        0
      ]
    }
  ]
}
