{
  "results": [
    {
      "command": "./flex_a_and_asb < '../src/main/scala/com/ziplex/benchmark/res/as/25000.txt' > /dev/null",
      "mean": 1.53905942342,
      "stddev": 0.01751798683360769,
      "median": 1.54022287042,
      "user": 1.53704122,
      "system": 0.0018867799999999998,
      "min": 1.51844634342,
      "max": 1.56282473542,
      "times": [
        1.54579966142,
        1.51953971542,
        1.5266120224200002,
        1.55850470842,
        1.55404415042,
        1.5186999164200001,
        1.51844634342,
        1.55147690142,
        1.56282473542,
        1.5346460794199999
      ],
      "memory_usage_byte": [
        2359296,
        2359296,
        2359296,
        2359296,
        2359296,
        2359296,
        2359296,
        2359296,
        2359296,
        2359296
      ],
      "exit_codes": [
        0,
        0,
        0,
        0,
        0,
        0,
        0,
        0,
        0,
        0
      ]
    }
  ]
}
