{
  "results": [
    {
      "command": "./flex_a_and_asb < '../src/main/scala/com/ziplex/benchmark/res/as/10000.txt' > /dev/null",
      "mean": 0.24495023162000001,
      "stddev": 0.0008307920581126122,
      "median": 0.24466007752000002,
      "user": 0.24282437999999998,
      "system": 0.0020003,
      "min": 0.24438848452000003,
      "max": 0.24716274452000003,
      "times": [
        0.24438848452000003,
        0.24441571452000002,
        0.24442095552000004,
        0.24467253852000004,
        0.24489742052000002,
        0.24505222152000003,
        0.24464761652000003,
        0.24527719352000002,
        0.24456742652000002,
        0.24716274452000003
      ],
      "memory_usage_byte": [
        2359296,
        2359296,
        2359296,
        2359296,
        2359296,
        2359296,
        2359296,
        2359296,
        2359296,
        2359296
      ],
      "exit_codes": [
        0,
        0,
        0,
        0,
        0,
        0,
        0,
        0,
        0,
        0
      ]
    }
  ]
}
