{
  "results": [
    {
      "command": "./flex_a_and_asb < '../src/main/scala/com/ziplex/benchmark/res/as/1200.txt' > /dev/null",
      "mean": 0.004015370920000001,
      "stddev": 0.00021353762303134746,
      "median": 0.00394981852,
      "user": 0.0034067399999999997,
      "system": 0.0006776079999999999,
      "min": 0.003921788020000001,
      "max": 0.004620685020000001,
      "times": [
        0.00398541902,
        0.00394726802,
        0.003921788020000001,
        0.00395075802,
        0.003929157020000001,
        0.00396420802,
        0.0039269690200000006,
        0.003958578020000001,
        0.0039488790200000005,
        0.004620685020000001
      ],
      "memory_usage_byte": [
        2359296,
        2359296,
        2359296,
        2359296,
        2359296,
        2359296,
        2359296,
        2359296,
        2359296,
        2359296
      ],
      "exit_codes": [
        0,
        0,
        0,
        0,
        0,
        0,
        0,
        0,
        0,
        0
      ]
    }
  ]
}
