{
  "results": [
    {
      "command": "./flex_a_and_asb < '../src/main/scala/com/ziplex/benchmark/res/as/1000.txt' > /dev/null",
      "mean": 0.00313769804,
      "stddev": 0.0002367316111620688,
      "median": 0.0030610955400000002,
      "user": 0.0024574199999999997,
      "system": 0.000692864,
      "min": 0.00300295954,
      "max": 0.0037978475400000005,
      "times": [
        0.0030718305400000002,
        0.00312249054,
        0.00312185154,
        0.00313252054,
        0.0030326195400000003,
        0.00303346054,
        0.00300295954,
        0.00301103954,
        0.0037978475400000005,
        0.0030503605400000002
      ],
      "memory_usage_byte": [
        2359296,
        2359296,
        2359296,
        2359296,
        2359296,
        2359296,
        2359296,
        2359296,
        2359296,
        2359296
      ],
      "exit_codes": [
        0,
        0,
        0,
        0,
        0,
        0,
        0,
        0,
        0,
        0
      ]
    }
  ]
}
