{
  "results": [
    {
      "command": "./flex_a_and_asb < '../src/main/scala/com/ziplex/benchmark/res/as/300.txt' > /dev/null",
      "mean": 0.00081225634,
      "stddev": 0.00031334921454441217,
      "median": 0.00071730244,
      "user": 0.00043951999999999994,
      "system": 0.00032413,
      "min": 0.00066285694,
      "max": 0.0016967769400000002,
      "times": [
        0.0007226679400000001,
        0.0016967769400000002,
        0.0006700269400000001,
        0.0006975169400000002,
        0.00075372794,
        0.0006774169400000001,
        0.00066285694,
        0.00071193694,
        0.0007383579400000002,
        0.0007912779400000001
      ],
      "memory_usage_byte": [
        2359296,
        2359296,
        2359296,
        2359296,
        2359296,
        2359296,
        2359296,
        2359296,
        2359296,
        2359296
      ],
      "exit_codes": [
        0,
        0,
        0,
        0,
        0,
        0,
        0,
        0,
        0,
        0
      ]
    }
  ]
}
