{
  "results": [
    {
      "command": "./flex_a_and_asb < '../src/main/scala/com/ziplex/benchmark/res/as/2000.txt' > /dev/null",
      "mean": 0.01085950584,
      "stddev": 0.0006545713966671373,
      "median": 0.01053819894,
      "user": 0.010297139999999998,
      "system": 0.0006060499999999999,
      "min": 0.010401091940000001,
      "max": 0.01249719294,
      "times": [
        0.01249719294,
        0.01051226394,
        0.010401091940000001,
        0.01048580294,
        0.011331111940000001,
        0.01044346294,
        0.01056413394,
        0.010825896940000001,
        0.01108548894,
        0.01044861194
      ],
      "memory_usage_byte": [
        2359296,
        2359296,
        2359296,
        2359296,
        2359296,
        2359296,
        2359296,
        2359296,
        2359296,
        2359296
      ],
      "exit_codes": [
        0,
        0,
        0,
        0,
        0,
        0,
        0,
        0,
        0,
        0
      ]
    }
  ]
}
