{
  "results": [
    {
      "command": "./flex_a_and_asb < '../src/main/scala/com/ziplex/benchmark/res/as/1000.txt' > /dev/null",
      "mean": 0.0031791577200000003,
      "stddev": 0.0004965947179072017,
      "median": 0.00302869022,
      "user": 0.002746459999999999,
      "system": 0.000503724,
      "min": 0.0029826197200000003,
      "max": 0.00459016572,
      "times": [
        0.00302328972,
        0.0029942597199999997,
        0.0029826197200000003,
        0.0029951597200000004,
        0.00459016572,
        0.0030071497200000004,
        0.00306127072,
        0.0030687107200000003,
        0.00303486072,
        0.0030340907200000003
      ],
      "memory_usage_byte": [
        2359296,
        2359296,
        2359296,
        2359296,
        2359296,
        2359296,
        2359296,
        2359296,
        2359296,
        2359296
      ],
      "exit_codes": [
        0,
        0,
        0,
        0,
        0,
        0,
        0,
        0,
        0,
        0
      ]
    }
  ]
}
