{
  "results": [
    {
      "command": "./flex_a_and_asb < '../src/main/scala/com/ziplex/benchmark/res/as/2000.txt' > /dev/null",
      "mean": 0.010565065739999999,
      "stddev": 0.00021115029267643572,
      "median": 0.01049187104,
      "user": 0.010195939999999999,
      "system": 0.0004396559999999999,
      "min": 0.010366854040000002,
      "max": 0.011114664040000001,
      "times": [
        0.010366854040000002,
        0.010439615040000001,
        0.011114664040000001,
        0.01058497704,
        0.01065971804,
        0.01058793704,
        0.01049567604,
        0.01048806604,
        0.010459125040000001,
        0.01045402504
      ],
      "memory_usage_byte": [
        2359296,
        2359296,
        2359296,
        2359296,
        2359296,
        2359296,
        2359296,
        2359296,
        2359296,
        2359296
      ],
      "exit_codes": [
        0,
        0,
        0,
        0,
        0,
        0,
        0,
        0,
        0,
        0
      ]
    }
  ]
}
