{
  "results": [
    {
      "command": "./flex_a_and_asb < '../src/main/scala/com/ziplex/benchmark/res/as/15000.txt' > /dev/null",
      "mean": 0.5492021863400001,
      "stddev": 0.0008042853095990637,
      "median": 0.54928249214,
      "user": 0.54683816,
      "system": 0.00214166,
      "min": 0.54758819514,
      "max": 0.5503401291400001,
      "times": [
        0.54920362714,
        0.5495010611400001,
        0.54853191814,
        0.54884175114,
        0.54936135714,
        0.54758819514,
        0.5503401291400001,
        0.55008650514,
        0.5488184391400001,
        0.54974888014
      ],
      "memory_usage_byte": [
        2359296,
        2359296,
        2359296,
        2359296,
        2359296,
        2359296,
        2359296,
        2359296,
        2359296,
        2359296
      ],
      "exit_codes": [
        0,
        0,
        0,
        0,
        0,
        0,
        0,
        0,
        0,
        0
      ]
    }
  ]
}
