{
  "results": [
    {
      "command": "./flex_a_and_asb < '../src/main/scala/com/ziplex/benchmark/res/as/200.txt' > /dev/null",
      "mean": 0.0007439226999999999,
      "stddev": 0.00037172038258467875,
      "median": 0.0005683589999999999,
      "user": 0.00035086000000000004,
      "system": 0.00042642600000000004,
      "min": 0.00047349199999999995,
      "max": 0.0015890459999999998,
      "times": [
        0.0015890459999999998,
        0.000632494,
        0.000535073,
        0.00109127,
        0.0006016449999999999,
        0.000507213,
        0.00048642300000000004,
        0.0010223889999999998,
        0.000500182,
        0.00047349199999999995
      ],
      "memory_usage_byte": [
        2359296,
        2359296,
        2359296,
        2359296,
        2359296,
        2359296,
        2359296,
        2359296,
        2359296,
        2359296
      ],
      "exit_codes": [
        0,
        0,
        0,
        0,
        0,
        0,
        0,
        0,
        0,
        0
      ]
    }
  ]
}
