{
  "results": [
    {
      "command": "./flex_a_and_asb < '../src/main/scala/com/ziplex/benchmark/res/as/30000.txt' > /dev/null",
      "mean": 2.19640358904,
      "stddev": 0.0141698100063531,
      "median": 2.18861682124,
      "user": 2.19409526,
      "system": 0.0020688399999999997,
      "min": 2.18764747824,
      "max": 2.22647313524,
      "times": [
        2.18770560424,
        2.18816570924,
        2.18766543424,
        2.20046256524,
        2.22647313524,
        2.21736997424,
        2.1916912602400003,
        2.18778679624,
        2.18906793324,
        2.18764747824
      ],
      "memory_usage_byte": [
        2359296,
        2359296,
        2359296,
        2359296,
        2359296,
        2359296,
        2359296,
        2359296,
        2359296,
        2359296
      ],
      "exit_codes": [
        0,
        0,
        0,
        0,
        0,
        0,
        0,
        0,
        0,
        0
      ]
    }
  ]
}
