{
  "results": [
    {
      "command": "./flex_a_and_asb < '../src/main/scala/com/ziplex/benchmark/res/as/1000.txt' > /dev/null",
      "mean": 0.00314516002,
      "stddev": 0.0000837706323590394,
      "median": 0.00313396802,
      "user": 0.00271656,
      "system": 0.00048487799999999995,
      "min": 0.00302409652,
      "max": 0.00327838952,
      "times": [
        0.00319662952,
        0.00327838952,
        0.00316134752,
        0.00327167952,
        0.00307691752,
        0.00314380852,
        0.00312412752,
        0.00309157652,
        0.00308302752,
        0.00302409652
      ],
      "memory_usage_byte": [
        2359296,
        2359296,
        2359296,
        2359296,
        2359296,
        2359296,
        2359296,
        2359296,
        2359296,
        2359296
      ],
      "exit_codes": [
        0,
        0,
        0,
        0,
        0,
        0,
        0,
        0,
        0,
        0
      ]
    }
  ]
}
