{
  "results": [
    {
      "command": "./flex_a_and_asb < '../src/main/scala/com/ziplex/benchmark/res/as/1200.txt' > /dev/null",
      "mean": 0.00419694816,
      "stddev": 0.00007529607648004576,
      "median": 0.0041735754600000004,
      "user": 0.00372736,
      "system": 0.0005529039999999999,
      "min": 0.00411411496,
      "max": 0.0043830679600000005,
      "times": [
        0.00419951696,
        0.00416492596,
        0.004138455960000001,
        0.00415852596,
        0.00411411496,
        0.004168474960000001,
        0.00417867596,
        0.0042294659600000005,
        0.0043830679600000005,
        0.00423425696
      ],
      "memory_usage_byte": [
        2359296,
        2359296,
        2359296,
        2359296,
        2359296,
        2359296,
        2359296,
        2359296,
        2359296,
        2359296
      ],
      "exit_codes": [
        0,
        0,
        0,
        0,
        0,
        0,
        0,
        0,
        0,
        0
      ]
    }
  ]
}
