{
  "results": [
    {
      "command": "./flex_a_and_asb < '../src/main/scala/com/ziplex/benchmark/res/as/500.0.txt' > /dev/null",
      "mean": 0.00083824308,
      "stddev": 0.00046922682579476785,
      "median": 0.00057149448,
      "user": 0.00042176000000000003,
      "system": 0.00035672799999999995,
      "min": 0.00045869198,
      "max": 0.0016919749800000002,
      "times": [
        0.00045869198,
        0.00106836298,
        0.0016919749800000002,
        0.00164555398,
        0.00055221398,
        0.00055013298,
        0.0007234669800000001,
        0.00057241498,
        0.00057057398,
        0.0005490439799999999
      ],
      "memory_usage_byte": [
        2359296,
        2359296,
        2359296,
        2359296,
        2359296,
        2359296,
        2359296,
        2359296,
        2359296,
        2359296
      ],
      "exit_codes": [
        0,
        0,
        0,
        0,
        0,
        0,
        0,
        0,
        0,
        0
      ]
    }
  ]
}
