{
  "results": [
    {
      "command": "./flex_a_and_asb < '../src/main/scala/com/ziplex/benchmark/res/as/20000.txt' > /dev/null",
      "mean": 0.9734346307999999,
      "stddev": 0.0005364677424520581,
      "median": 0.9733931709000001,
      "user": 0.9706465200000001,
      "system": 0.0025656999999999998,
      "min": 0.9725927664,
      "max": 0.9741299434,
      "times": [
        0.9733857084,
        0.9725927664,
        0.9741299434,
        0.9734006334,
        0.9734268724,
        0.9732512084,
        0.9730623254,
        0.9728776114000001,
        0.9741273554000001,
        0.9740918834000001
      ],
      "memory_usage_byte": [
        2359296,
        2359296,
        2359296,
        2359296,
        2359296,
        2359296,
        2359296,
        2359296,
        2359296,
        2359296
      ],
      "exit_codes": [
        0,
        0,
        0,
        0,
        0,
        0,
        0,
        0,
        0,
        0
      ]
    }
  ]
}
