{
  "results": [
    {
      "command": "./flex_a_and_asb < '../src/main/scala/com/ziplex/benchmark/res/as/40000.txt' > /dev/null",
      "mean": 3.8962394135800005,
      "stddev": 0.019665877595592466,
      "median": 3.88920192658,
      "user": 3.89368424,
      "system": 0.0021976,
      "min": 3.8851067930800003,
      "max": 3.94830320408,
      "times": [
        3.88937412708,
        3.8873216750800004,
        3.89186128908,
        3.94830320408,
        3.9099748770800002,
        3.88614936008,
        3.88985582508,
        3.88541725908,
        3.8851067930800003,
        3.88902972608
      ],
      "memory_usage_byte": [
        2359296,
        2359296,
        2359296,
        2359296,
        2359296,
        2359296,
        2359296,
        2359296,
        2359296,
        2359296
      ],
      "exit_codes": [
        0,
        0,
        0,
        0,
        0,
        0,
        0,
        0,
        0,
        0
      ]
    }
  ]
}
