{
  "results": [
    {
      "command": "./flex_a_and_asb < '../src/main/scala/com/ziplex/benchmark/res/as/800.txt' > /dev/null",
      "mean": 0.0021261055000000003,
      "stddev": 0.0000508880990885339,
      "median": 0.0021059132999999997,
      "user": 0.0018024999999999998,
      "system": 0.000382216,
      "min": 0.0020662423,
      "max": 0.0022056753,
      "times": [
        0.0020773933,
        0.0020662423,
        0.0021079233,
        0.0021039033,
        0.0020949233,
        0.0021397733,
        0.0020920323,
        0.0021699043,
        0.0022056753,
        0.0022032843
      ],
      "memory_usage_byte": [
        2359296,
        2359296,
        2359296,
        2359296,
        2359296,
        2359296,
        2359296,
        2359296,
        2359296,
        2359296
      ],
      "exit_codes": [
        0,
        0,
        0,
        0,
        0,
        0,
        0,
        0,
        0,
        0
      ]
    }
  ]
}
