{
  "results": [
    {
      "command": "./flex_a_and_asb < '../src/main/scala/com/ziplex/benchmark/res/as/500.txt' > /dev/null",
      "mean": 0.00120197962,
      "stddev": 0.0000775468011937164,
      "median": 0.0011674002199999998,
      "user": 0.0008013280000000001,
      "system": 0.000529518,
      "min": 0.00113671922,
      "max": 0.00135852322,
      "times": [
        0.00135852322,
        0.00121904122,
        0.00115372922,
        0.00132668322,
        0.00116297022,
        0.00116052022,
        0.00115293922,
        0.00117684022,
        0.00113671922,
        0.00117183022
      ],
      "memory_usage_byte": [
        2359296,
        2359296,
        2359296,
        2359296,
        2359296,
        2359296,
        2359296,
        2359296,
        2359296,
        2359296
      ],
      "exit_codes": [
        0,
        0,
        0,
        0,
        0,
        0,
        0,
        0,
        0,
        0
      ]
    }
  ]
}
