{
  "results": [
    {
      "command": "./flex_a_and_asb < '../src/main/scala/com/ziplex/benchmark/res/as/50000.txt' > /dev/null",
      "mean": 6.0830386378400005,
      "stddev": 0.014684717123733147,
      "median": 6.07707509414,
      "user": 6.08039446,
      "system": 0.00207206,
      "min": 6.07380988514,
      "max": 6.11908685714,
      "times": [
        6.07381943914,
        6.11908685714,
        6.09831104914,
        6.07390390814,
        6.07979765514,
        6.07589641414,
        6.0746726971400005,
        6.08283469914,
        6.07380988514,
        6.07825377414
      ],
      "memory_usage_byte": [
        2359296,
        2359296,
        2359296,
        2359296,
        2359296,
        2359296,
        2359296,
        2359296,
        2359296,
        2359296
      ],
      "exit_codes": [
        0,
        0,
        0,
        0,
        0,
        0,
        0,
        0,
        0,
        0
      ]
    }
  ]
}
