{
  "results": [
    {
      "command": "./flex_a_and_asb < '../src/main/scala/com/ziplex/benchmark/res/as/5000.txt' > /dev/null",
      "mean": 0.0637169148,
      "stddev": 0.0007706484320895614,
      "median": 0.0634104799,
      "user": 0.06135256,
      "system": 0.00219678,
      "min": 0.06292633090000001,
      "max": 0.06513080190000001,
      "times": [
        0.0646408629,
        0.06292633090000001,
        0.0643979999,
        0.06306625390000001,
        0.0631106349,
        0.0632656569,
        0.0639366989,
        0.0635553029,
        0.06513080190000001,
        0.0631386049
      ],
      "memory_usage_byte": [
        2359296,
        2359296,
        2359296,
        2359296,
        2359296,
        2359296,
        2359296,
        2359296,
        2359296,
        2359296
      ],
      "exit_codes": [
        0,
        0,
        0,
        0,
        0,
        0,
        0,
        0,
        0,
        0
      ]
    }
  ]
}
