{
  "results": [
    {
      "command": "./flex_a_and_asb < '../src/main/scala/com/ziplex/benchmark/res/as/10000.txt' > /dev/null",
      "mean": 0.2456804923,
      "stddev": 0.0006417142942324341,
      "median": 0.24563941960000002,
      "user": 0.24288919999999997,
      "system": 0.0025423599999999996,
      "min": 0.2447260036,
      "max": 0.2469706316,
      "times": [
        0.24625301260000002,
        0.2447260036,
        0.2469706316,
        0.2459615586,
        0.2453879716,
        0.2455249536,
        0.2458165066,
        0.24494210660000001,
        0.2457538856,
        0.2454682926
      ],
      "memory_usage_byte": [
        2359296,
        2359296,
        2359296,
        2359296,
        2359296,
        2359296,
        2359296,
        2359296,
        2359296,
        2359296
      ],
      "exit_codes": [
        0,
        0,
        0,
        0,
        0,
        0,
        0,
        0,
        0,
        0
      ]
    }
  ]
}
