{
  "results": [
    {
      "command": "./flex_a_and_asb < '../src/main/scala/com/ziplex/benchmark/res/as/90000.txt' > /dev/null",
      "mean": 19.65133624434,
      "stddev": 0.012182251808488807,
      "median": 19.64768913304,
      "user": 19.644490479999998,
      "system": 0.0020035199999999995,
      "min": 19.63847595404,
      "max": 19.67559695804,
      "times": [
        19.64634176404,
        19.65078002604,
        19.64821125304,
        19.64730280804,
        19.67111926404,
        19.67559695804,
        19.64807545804,
        19.63847595404,
        19.64121141504,
        19.64624754304
      ],
      "memory_usage_byte": [
        2359296,
        2359296,
        2359296,
        2359296,
        2359296,
        2359296,
        2359296,
        2359296,
        2359296,
        2359296
      ],
      "exit_codes": [
        0,
        0,
        0,
        0,
        0,
        0,
        0,
        0,
        0,
        0
      ]
    }
  ]
}
