{
  "results": [
    {
      "command": "./flex_a_and_asb < '../src/main/scala/com/ziplex/benchmark/res/as/2500.txt' > /dev/null",
      "mean": 0.016922516539999998,
      "stddev": 0.0006240503525835165,
      "median": 0.01688371404,
      "user": 0.01565246,
      "system": 0.001261082,
      "min": 0.01594462304,
      "max": 0.01792766604,
      "times": [
        0.017384437040000002,
        0.01733876704,
        0.01639791004,
        0.01792766604,
        0.017484229040000004,
        0.01688648904,
        0.016186817040000002,
        0.01594462304,
        0.016793288040000003,
        0.01688093904
      ],
      "memory_usage_byte": [
        2359296,
        2359296,
        2359296,
        2359296,
        2359296,
        2359296,
        2359296,
        2359296,
        2359296,
        2359296
      ],
      "exit_codes": [
        0,
        0,
        0,
        0,
        0,
        0,
        0,
        0,
        0,
        0
      ]
    }
  ]
}
