{
  "results": [
    {
      "command": "./flex_a_and_asb < '../src/main/scala/com/ziplex/benchmark/res/as/200.txt' > /dev/null",
      "mean": 0.0006525369199999999,
      "stddev": 0.00004487659336558428,
      "median": 0.0006567238199999999,
      "user": 0.00034036000000000005,
      "system": 0.00033903799999999984,
      "min": 0.0005958478199999998,
      "max": 0.0007224198199999999,
      "times": [
        0.0007224198199999999,
        0.0007161298199999998,
        0.0006422788199999998,
        0.0006033188199999998,
        0.0005984078199999998,
        0.0006603088199999998,
        0.0006554188199999998,
        0.0006732098199999999,
        0.0005958478199999998,
        0.0006580288199999999
      ],
      "memory_usage_byte": [
        2359296,
        2359296,
        2359296,
        2359296,
        2359296,
        2359296,
        2359296,
        2359296,
        2359296,
        2359296
      ],
      "exit_codes": [
        0,
        0,
        0,
        0,
        0,
        0,
        0,
        0,
        0,
        0
      ]
    }
  ]
}
