{
  "results": [
    {
      "command": "./flex_a_and_asb < '../src/main/scala/com/ziplex/benchmark/res/as/12500.txt' > /dev/null",
      "mean": 0.38200763792,
      "stddev": 0.0005729629146006322,
      "median": 0.38168445232000003,
      "user": 0.38011854,
      "system": 0.0016624799999999998,
      "min": 0.38145294982,
      "max": 0.38303720682,
      "times": [
        0.38303720682,
        0.38230875982,
        0.38149219082,
        0.38145294982,
        0.38163064182,
        0.38247395082,
        0.38173826282,
        0.38162504082,
        0.38270931382,
        0.38160806182
      ],
      "memory_usage_byte": [
        2359296,
        2359296,
        2359296,
        2359296,
        2359296,
        2359296,
        2359296,
        2359296,
        2359296,
        2359296
      ],
      "exit_codes": [
        0,
        0,
        0,
        0,
        0,
        0,
        0,
        0,
        0,
        0
      ]
    }
  ]
}
