{
  "results": [
    {
      "command": "./flex_a_and_asb < '../src/main/scala/com/ziplex/benchmark/res/as/10000.txt' > /dev/null",
      "mean": 0.24580204026,
      "stddev": 0.0003633257187234068,
      "median": 0.24575615186,
      "user": 0.24383174,
      "system": 0.0017702599999999998,
      "min": 0.24524248636,
      "max": 0.24656118036000002,
      "times": [
        0.24561178036,
        0.24568733136,
        0.24656118036000002,
        0.24591528336000001,
        0.24605072536,
        0.24554938936,
        0.24602305436000002,
        0.24524248636,
        0.24555419936,
        0.24582497236
      ],
      "memory_usage_byte": [
        2359296,
        2359296,
        2359296,
        2359296,
        2359296,
        2359296,
        2359296,
        2359296,
        2359296,
        2359296
      ],
      "exit_codes": [
        0,
        0,
        0,
        0,
        0,
        0,
        0,
        0,
        0,
        0
      ]
    }
  ]
}
