{
  "results": [
    {
      "command": "./flex_a_and_asb < '../src/main/scala/com/ziplex/benchmark/res/as/75000.txt' > /dev/null",
      "mean": 13.65105592416,
      "stddev": 0.009016751472754584,
      "median": 13.64890013686,
      "user": 13.644622179999999,
      "system": 0.00253208,
      "min": 13.63869525936,
      "max": 13.66584031936,
      "times": [
        13.63869525936,
        13.643607344360001,
        13.648282016360001,
        13.64571886036,
        13.66241911436,
        13.659448260360001,
        13.66584031936,
        13.65370433436,
        13.64951825736,
        13.643325475360001
      ],
      "memory_usage_byte": [
        2359296,
        2359296,
        2359296,
        2359296,
        2359296,
        2359296,
        2359296,
        2359296,
        2359296,
        2359296
      ],
      "exit_codes": [
        0,
        0,
        0,
        0,
        0,
        0,
        0,
        0,
        0,
        0
      ]
    }
  ]
}
