{
  "results": [
    {
      "command": "./flex_a_and_asb < '../src/main/scala/com/ziplex/benchmark/res/as/77500.txt' > /dev/null",
      "mean": 14.572193831819998,
      "stddev": 0.004669759446284649,
      "median": 14.57155165622,
      "user": 14.5658829,
      "system": 0.0027364400000000006,
      "min": 14.56550824322,
      "max": 14.57907724222,
      "times": [
        14.56678967022,
        14.57146438922,
        14.57512615622,
        14.57163892322,
        14.56905965022,
        14.57453116522,
        14.57888629122,
        14.57907724222,
        14.56550824322,
        14.56985658722
      ],
      "memory_usage_byte": [
        2359296,
        2359296,
        2359296,
        2359296,
        2359296,
        2359296,
        2359296,
        2359296,
        2359296,
        2359296
      ],
      "exit_codes": [
        0,
        0,
        0,
        0,
        0,
        0,
        0,
        0,
        0,
        0
      ]
    }
  ]
}
