{
  "results": [
    {
      "command": "./flex_a_and_asb < '../src/main/scala/com/ziplex/benchmark/res/as/37500.txt' > /dev/null",
      "mean": 3.4160556783000002,
      "stddev": 0.001842979662616801,
      "median": 3.4152767889,
      "user": 3.4136268599999995,
      "system": 0.00201164,
      "min": 3.4141602984,
      "max": 3.4188497984,
      "times": [
        3.4153377744,
        3.4146562154,
        3.4141602984,
        3.4148279634,
        3.4150040164,
        3.4152158034,
        3.4153460604,
        3.4188391174,
        3.4183197354,
        3.4188497984
      ],
      "memory_usage_byte": [
        2359296,
        2359296,
        2359296,
        2359296,
        2359296,
        2359296,
        2359296,
        2359296,
        2359296,
        2359296
      ],
      "exit_codes": [
        0,
        0,
        0,
        0,
        0,
        0,
        0,
        0,
        0,
        0
      ]
    }
  ]
}
