{
  "results": [
    {
      "command": "./flex_a_and_asb < '../src/main/scala/com/ziplex/benchmark/res/as/85000.txt' > /dev/null",
      "mean": 17.53128734522,
      "stddev": 0.01096645647171613,
      "median": 17.527711670520002,
      "user": 17.52467504,
      "system": 0.0029267599999999996,
      "min": 17.52006640152,
      "max": 17.55577732552,
      "times": [
        17.52450577652,
        17.52006640152,
        17.53715064852,
        17.541535372520002,
        17.530917564520003,
        17.52268218852,
        17.52418304252,
        17.55577732552,
        17.524463801520003,
        17.53159133052
      ],
      "memory_usage_byte": [
        2359296,
        2359296,
        2359296,
        2359296,
        2359296,
        2359296,
        2359296,
        2359296,
        2359296,
        2359296
      ],
      "exit_codes": [
        0,
        0,
        0,
        0,
        0,
        0,
        0,
        0,
        0,
        0
      ]
    }
  ]
}
