{
  "results": [
    {
      "command": "./flex_a_and_asb < '../src/main/scala/com/ziplex/benchmark/res/as/800.txt' > /dev/null",
      "mean": 0.00245722116,
      "stddev": 0.0006817408277160676,
      "median": 0.00215386226,
      "user": 0.0020253,
      "system": 0.0005157079999999999,
      "min": 0.0020745912600000005,
      "max": 0.003940804260000001,
      "times": [
        0.0035289412600000005,
        0.00216248226,
        0.0021316122600000004,
        0.0021884422600000003,
        0.002103202260000001,
        0.0020745912600000005,
        0.00221344226,
        0.00214524226,
        0.003940804260000001,
        0.0020834512600000007
      ],
      "memory_usage_byte": [
        2359296,
        2359296,
        2359296,
        2359296,
        2359296,
        2359296,
        2359296,
        2359296,
        2359296,
        2359296
      ],
      "exit_codes": [
        0,
        0,
        0,
        0,
        0,
        0,
        0,
        0,
        0,
        0
      ]
    }
  ]
}
