{
  "results": [
    {
      "command": "./flex_a_and_asb < '../src/main/scala/com/ziplex/benchmark/res/as/100000.txt' > /dev/null",
      "mean": 24.272529604519995,
      "stddev": 0.009365945329980804,
      "median": 24.27041038222,
      "user": 24.26421896,
      "system": 0.00261448,
      "min": 24.26061619472,
      "max": 24.29258085272,
      "times": [
        24.27199864972,
        24.28192955072,
        24.26882211472,
        24.27432031672,
        24.27629319172,
        24.26061619472,
        24.26467447972,
        24.26836493172,
        24.26569576272,
        24.29258085272
      ],
      "memory_usage_byte": [
        2359296,
        2359296,
        2359296,
        2359296,
        2359296,
        2359296,
        2359296,
        2359296,
        2359296,
        2359296
      ],
      "exit_codes": [
        0,
        0,
        0,
        0,
        0,
        0,
        0,
        0,
        0,
        0
      ]
    }
  ]
}
