{
  "results": [
    {
      "command": "./flex_a_and_asb < '../src/main/scala/com/ziplex/benchmark/res/as/65000.txt' > /dev/null",
      "mean": 10.256419003,
      "stddev": 0.003659140903463667,
      "median": 10.254850073,
      "user": 10.251569999999997,
      "system": 0.0017854,
      "min": 10.252620199,
      "max": 10.262650216,
      "times": [
        10.253756106,
        10.262650216,
        10.252620199,
        10.254822559,
        10.254877587,
        10.259211298,
        10.254114737,
        10.262305617,
        10.256130677,
        10.253701034
      ],
      "memory_usage_byte": [
        2359296,
        2359296,
        2359296,
        2359296,
        2359296,
        2359296,
        2359296,
        2359296,
        2359296,
        2359296
      ],
      "exit_codes": [
        0,
        0,
        0,
        0,
        0,
        0,
        0,
        0,
        0,
        0
      ]
    }
  ]
}
