{
  "results": [
    {
      "command": "./flex_a_and_asb < '../src/main/scala/com/ziplex/benchmark/res/as/27500.txt' > /dev/null",
      "mean": 1.83816515452,
      "stddev": 0.0017116008239101222,
      "median": 1.83765697102,
      "user": 1.83527234,
      "system": 0.0019959,
      "min": 1.83719813002,
      "max": 1.84296049202,
      "times": [
        1.83743200302,
        1.84296049202,
        1.83780835002,
        1.8383054250200002,
        1.83719813002,
        1.83761550302,
        1.83767682002,
        1.83732120002,
        1.83763712202,
        1.83769650002
      ],
      "memory_usage_byte": [
        2359296,
        2359296,
        2359296,
        2359296,
        2359296,
        2359296,
        2359296,
        2359296,
        2359296,
        2359296
      ],
      "exit_codes": [
        0,
        0,
        0,
        0,
        0,
        0,
        0,
        0,
        0,
        0
      ]
    }
  ]
}
