{
  "results": [
    {
      "command": "./flex_a_and_asb < '../src/main/scala/com/ziplex/benchmark/res/as/22500.txt' > /dev/null",
      "mean": 1.2322368423999999,
      "stddev": 0.0025346680849959876,
      "median": 1.2313708213,
      "user": 1.2285190399999997,
      "system": 0.0025108999999999995,
      "min": 1.2305217648,
      "max": 1.2391679008,
      "times": [
        1.2330912798,
        1.2316347978,
        1.2320209578,
        1.2315302828,
        1.2309626968,
        1.2311553408,
        1.2305217648,
        1.2312113598,
        1.2391679008,
        1.2310720428
      ],
      "memory_usage_byte": [
        2359296,
        2359296,
        2359296,
        2359296,
        2359296,
        2359296,
        2359296,
        2359296,
        2359296,
        2359296
      ],
      "exit_codes": [
        0,
        0,
        0,
        0,
        0,
        0,
        0,
        0,
        0,
        0
      ]
    }
  ]
}
