{
  "results": [
    {
      "command": "./flex_a_and_asb < '../src/main/scala/com/ziplex/benchmark/res/as/82500.txt' > /dev/null",
      "mean": 16.51576673454,
      "stddev": 0.011554303856847194,
      "median": 16.51107479754,
      "user": 16.50937724,
      "system": 0.0024459799999999995,
      "min": 16.50244400704,
      "max": 16.53755474704,
      "times": [
        16.51571869204,
        16.53540263404,
        16.51598937604,
        16.51096012404,
        16.50244400704,
        16.508805439040003,
        16.53755474704,
        16.50979144204,
        16.50981141304,
        16.51118947104
      ],
      "memory_usage_byte": [
        2359296,
        2359296,
        2359296,
        2359296,
        2359296,
        2359296,
        2359296,
        2359296,
        2359296,
        2359296
      ],
      "exit_codes": [
        0,
        0,
        0,
        0,
        0,
        0,
        0,
        0,
        0,
        0
      ]
    }
  ]
}
