{
  "results": [
    {
      "command": "./flex_a_and_asb < '../src/main/scala/com/ziplex/benchmark/res/as/90000.txt' > /dev/null",
      "mean": 19.647243676099997,
      "stddev": 0.008524195338189905,
      "median": 19.6442552933,
      "user": 19.642035019999998,
      "system": 0.0018617199999999997,
      "min": 19.6393559628,
      "max": 19.6672198198,
      "times": [
        19.6481995268,
        19.6422120798,
        19.6393559628,
        19.6404475758,
        19.6415416798,
        19.6672198198,
        19.6551686198,
        19.6497809098,
        19.6436802658,
        19.6448303208
      ],
      "memory_usage_byte": [
        2359296,
        2359296,
        2359296,
        2359296,
        2359296,
        2359296,
        2359296,
        2359296,
        2359296,
        2359296
      ],
      "exit_codes": [
        0,
        0,
        0,
        0,
        0,
        0,
        0,
        0,
        0,
        0
      ]
    }
  ]
}
