{
  "results": [
    {
      "command": "./flex_a_and_asb < '../src/main/scala/com/ziplex/benchmark/res/as/35000.txt' > /dev/null",
      "mean": 2.9755891845799995,
      "stddev": 0.001806487764342575,
      "median": 2.97507860938,
      "user": 2.9727524,
      "system": 0.0018873799999999997,
      "min": 2.9737991728799997,
      "max": 2.98017025488,
      "times": [
        2.9737991728799997,
        2.97699387988,
        2.97509472588,
        2.9750624928800002,
        2.97549758688,
        2.97512273788,
        2.97503251488,
        2.98017025488,
        2.97467704688,
        2.97444143288
      ],
      "memory_usage_byte": [
        2359296,
        2359296,
        2359296,
        2359296,
        2359296,
        2359296,
        2359296,
        2359296,
        2359296,
        2359296
      ],
      "exit_codes": [
        0,
        0,
        0,
        0,
        0,
        0,
        0,
        0,
        0,
        0
      ]
    }
  ]
}
