{
  "results": [
    {
      "command": "./flex_a_and_asb < '../src/main/scala/com/ziplex/benchmark/res/as/100.txt' > /dev/null",
      "mean": 0.0008019711400000003,
      "stddev": 0.0003949235511962199,
      "median": 0.0006651992400000002,
      "user": 0.00037799999999999997,
      "system": 0.00040419999999999996,
      "min": 0.0005127482400000003,
      "max": 0.0017393312400000001,
      "times": [
        0.0012540062400000003,
        0.0006503592400000002,
        0.0005127482400000003,
        0.0005485582400000001,
        0.0008308112400000002,
        0.0005278882400000001,
        0.0005867792400000003,
        0.0017393312400000001,
        0.0006800392400000002,
        0.0006891902400000002
      ],
      "memory_usage_byte": [
        2359296,
        2359296,
        2359296,
        2359296,
        2359296,
        2359296,
        2359296,
        2359296,
        2359296,
        2359296
      ],
      "exit_codes": [
        0,
        0,
        0,
        0,
        0,
        0,
        0,
        0,
        0,
        0
      ]
    }
  ]
}
