{
  "results": [
    {
      "command": "./flex_a_and_asb < '../src/main/scala/com/ziplex/benchmark/res/as/2000.txt' > /dev/null",
      "mean": 0.010495981780000002,
      "stddev": 0.00012319166780878956,
      "median": 0.01045843108,
      "user": 0.00993078,
      "system": 0.0005493799999999998,
      "min": 0.010338583580000001,
      "max": 0.010747111580000001,
      "times": [
        0.010747111580000001,
        0.010409895580000002,
        0.010429605580000001,
        0.01045414658,
        0.01054075758,
        0.010661329580000002,
        0.01046271558,
        0.01042769558,
        0.010338583580000001,
        0.01048797658
      ],
      "memory_usage_byte": [
        2359296,
        2359296,
        2359296,
        2359296,
        2359296,
        2359296,
        2359296,
        2359296,
        2359296,
        2359296
      ],
      "exit_codes": [
        0,
        0,
        0,
        0,
        0,
        0,
        0,
        0,
        0,
        0
      ]
    }
  ]
}
