{
  "results": [
    {
      "command": "./flex_a_and_asb < '../src/main/scala/com/ziplex/benchmark/res/as/62500.txt' > /dev/null",
      "mean": 9.479098612840001,
      "stddev": 0.0069243516985496535,
      "median": 9.475372594740001,
      "user": 9.47524964,
      "system": 0.0024199399999999998,
      "min": 9.469950523240001,
      "max": 9.488594478240001,
      "times": [
        9.488594478240001,
        9.48585221924,
        9.48623472324,
        9.486927230240001,
        9.47503678624,
        9.474878525240001,
        9.47400092524,
        9.47380231424,
        9.469950523240001,
        9.47570840324
      ],
      "memory_usage_byte": [
        2359296,
        2359296,
        2359296,
        2359296,
        2359296,
        2359296,
        2359296,
        2359296,
        2359296,
        2359296
      ],
      "exit_codes": [
        0,
        0,
        0,
        0,
        0,
        0,
        0,
        0,
        0,
        0
      ]
    }
  ]
}
