{
  "results": [
    {
      "command": "./flex_a_and_asb < '../src/main/scala/com/ziplex/benchmark/res/as/47500.txt' > /dev/null",
      "mean": 5.4752675904,
      "stddev": 0.0032629706332704365,
      "median": 5.4745418183000005,
      "user": 5.471572480000001,
      "system": 0.0023001399999999996,
      "min": 5.4731971363,
      "max": 5.4843558293,
      "times": [
        5.4752187313,
        5.4737212753,
        5.4738342373,
        5.4746004683,
        5.4746479893,
        5.4735313283,
        5.4731971363,
        5.4750857403,
        5.4843558293,
        5.4744831683
      ],
      "memory_usage_byte": [
        2359296,
        2359296,
        2359296,
        2359296,
        2359296,
        2359296,
        2359296,
        2359296,
        2359296,
        2359296
      ],
      "exit_codes": [
        0,
        0,
        0,
        0,
        0,
        0,
        0,
        0,
        0,
        0
      ]
    }
  ]
}
