{
  "results": [
    {
      "command": "./flex_a_and_asb < '../src/main/scala/com/ziplex/benchmark/res/as/67500.txt' > /dev/null",
      "mean": 11.05476836628,
      "stddev": 0.007946695504107228,
      "median": 11.05027665528,
      "user": 11.05086148,
      "system": 0.00224078,
      "min": 11.04570594828,
      "max": 11.06784321128,
      "times": [
        11.06784321128,
        11.06406616228,
        11.06458367828,
        11.04981499328,
        11.05682920628,
        11.04905474928,
        11.04570594828,
        11.05044273728,
        11.05011057328,
        11.04923240328
      ],
      "memory_usage_byte": [
        2359296,
        2359296,
        2359296,
        2359296,
        2359296,
        2359296,
        2359296,
        2359296,
        2359296,
        2359296
      ],
      "exit_codes": [
        0,
        0,
        0,
        0,
        0,
        0,
        0,
        0,
        0,
        0
      ]
    }
  ]
}
