{
  "results": [
    {
      "command": "./flex_a_and_asb < '../src/main/scala/com/ziplex/benchmark/res/as/92500.txt' > /dev/null",
      "mean": 20.7635472094,
      "stddev": 0.01306712620496357,
      "median": 20.761935652200002,
      "user": 20.7532262,
      "system": 0.00250594,
      "min": 20.7485879117,
      "max": 20.7878081457,
      "times": [
        20.7679550177,
        20.7501575747,
        20.7485879117,
        20.7663685057,
        20.7745893967,
        20.7878081457,
        20.7758083247,
        20.7527053737,
        20.7539890447,
        20.7575027987
      ],
      "memory_usage_byte": [
        2359296,
        2359296,
        2359296,
        2359296,
        2359296,
        2359296,
        2359296,
        2359296,
        2359296,
        2359296
      ],
      "exit_codes": [
        0,
        0,
        0,
        0,
        0,
        0,
        0,
        0,
        0,
        0
      ]
    }
  ]
}
