{
  "results": [
    {
      "command": "./flex_a_and_asb < '../src/main/scala/com/ziplex/benchmark/res/as/20000.txt' > /dev/null",
      "mean": 0.98610557892,
      "stddev": 0.013349993799739593,
      "median": 0.98100121712,
      "user": 0.9842424599999999,
      "system": 0.0016961699999999999,
      "min": 0.97278226912,
      "max": 1.00294642512,
      "times": [
        0.97278226912,
        0.99995655312,
        1.00053407012,
        1.00076929212,
        0.97676307112,
        0.97464026912,
        0.97295557012,
        0.97446890612,
        0.98523936312,
        1.00294642512
      ],
      "memory_usage_byte": [
        2359296,
        2359296,
        2359296,
        2359296,
        2359296,
        2359296,
        2359296,
        2359296,
        2359296,
        2359296
      ],
      "exit_codes": [
        0,
        0,
        0,
        0,
        0,
        0,
        0,
        0,
        0,
        0
      ]
    }
  ]
}
