{
  "results": [
    {
      "command": "./flex_a_and_asb < '../src/main/scala/com/ziplex/benchmark/res/as/75000.txt' > /dev/null",
      "mean": 13.65165601752,
      "stddev": 0.01012222827585012,
      "median": 13.647327990319999,
      "user": 13.646662240000001,
      "system": 0.002217384,
      "min": 13.64011274332,
      "max": 13.671078914319999,
      "times": [
        13.64351159932,
        13.64386201232,
        13.64525468932,
        13.64011274332,
        13.65948320732,
        13.64460346132,
        13.649401291319998,
        13.671078914319999,
        13.659150834319998,
        13.660101422319999
      ],
      "memory_usage_byte": [
        2359296,
        2359296,
        2359296,
        2359296,
        2359296,
        2359296,
        2359296,
        2359296,
        2359296,
        2359296
      ],
      "exit_codes": [
        0,
        0,
        0,
        0,
        0,
        0,
        0,
        0,
        0,
        0
      ]
    }
  ]
}
