{
  "results": [
    {
      "command": "./flex_a_and_asb < '../src/main/scala/com/ziplex/benchmark/res/as/30000.txt' > /dev/null",
      "mean": 2.1854937453799996,
      "stddev": 0.0006449481568271228,
      "median": 2.1853855281800003,
      "user": 2.18261312,
      "system": 0.0025745399999999993,
      "min": 2.18466834068,
      "max": 2.18673731968,
      "times": [
        2.1856310366800002,
        2.18545169868,
        2.1853167096800004,
        2.18673731968,
        2.18531935768,
        2.18499367768,
        2.18548747668,
        2.18466834068,
        2.18641561468,
        2.18491622168
      ],
      "memory_usage_byte": [
        2359296,
        2359296,
        2359296,
        2359296,
        2359296,
        2359296,
        2359296,
        2359296,
        2359296,
        2359296
      ],
      "exit_codes": [
        0,
        0,
        0,
        0,
        0,
        0,
        0,
        0,
        0,
        0
      ]
    }
  ]
}
