{
  "results": [
    {
      "command": "./flex_a_and_asb < '../src/main/scala/com/ziplex/benchmark/res/as/70000.txt' > /dev/null",
      "mean": 11.894323534019998,
      "stddev": 0.002693375160274755,
      "median": 11.89414315922,
      "user": 11.888821819999999,
      "system": 0.0024700000000000004,
      "min": 11.88949604722,
      "max": 11.89827101322,
      "times": [
        11.892113078220001,
        11.89670272222,
        11.89331865322,
        11.892417936220001,
        11.88949604722,
        11.89645955622,
        11.89645924322,
        11.89827101322,
        11.894967665220001,
        11.89302942522
      ],
      "memory_usage_byte": [
        2359296,
        2359296,
        2359296,
        2359296,
        2359296,
        2359296,
        2359296,
        2359296,
        2359296,
        2359296
      ],
      "exit_codes": [
        0,
        0,
        0,
        0,
        0,
        0,
        0,
        0,
        0,
        0
      ]
    }
  ]
}
