{
  "results": [
    {
      "command": "./flex_a_and_asb < '../src/main/scala/com/ziplex/benchmark/res/as/10000.txt' > /dev/null",
      "mean": 0.24537859614000004,
      "stddev": 0.0007428547220729247,
      "median": 0.24545872124,
      "user": 0.24330912,
      "system": 0.0018409599999999998,
      "min": 0.24417380574000003,
      "max": 0.24646647174000003,
      "times": [
        0.24492186574000002,
        0.24474373374000002,
        0.24578121474,
        0.24641750274000002,
        0.24417380574000003,
        0.24474403274,
        0.24541030074,
        0.24550714174000002,
        0.24561989174,
        0.24646647174000003
      ],
      "memory_usage_byte": [
        2359296,
        2359296,
        2359296,
        2359296,
        2359296,
        2359296,
        2359296,
        2359296,
        2359296,
        2359296
      ],
      "exit_codes": [
        0,
        0,
        0,
        0,
        0,
        0,
        0,
        0,
        0,
        0
      ]
    }
  ]
}
