{
  "results": [
    {
      "command": "./flex_a_and_asb < '../src/main/scala/com/ziplex/benchmark/res/as/500.txt' > /dev/null",
      "mean": 0.00142207672,
      "stddev": 0.00046954542747503267,
      "median": 0.0012974526199999998,
      "user": 0.000614016,
      "system": 0.0008579799999999998,
      "min": 0.00114392512,
      "max": 0.00274770312,
      "times": [
        0.00274770312,
        0.0013443881200000001,
        0.0012931281200000001,
        0.00120706612,
        0.0012572961199999997,
        0.0012943071199999997,
        0.00131139812,
        0.0013209571200000002,
        0.00114392512,
        0.00130059812
      ],
      "memory_usage_byte": [
        2359296,
        2359296,
        2359296,
        2359296,
        2359296,
        2359296,
        2359296,
        2359296,
        2359296,
        2359296
      ],
      "exit_codes": [
        0,
        0,
        0,
        0,
        0,
        0,
        0,
        0,
        0,
        0
      ]
    }
  ]
}
