{
  "results": [
    {
      "command": "./flex_a_and_asb < '../src/main/scala/com/ziplex/benchmark/res/as/5000.txt' > /dev/null",
      "mean": 0.06278883390000001,
      "stddev": 0.0009107970672267982,
      "median": 0.0625268399,
      "user": 0.06110466,
      "system": 0.0015517999999999999,
      "min": 0.0619481944,
      "max": 0.0645235104,
      "times": [
        0.0619481944,
        0.06203273540000001,
        0.0638904144,
        0.0633214284,
        0.06198135440000001,
        0.0630980364,
        0.06218465640000001,
        0.06203898540000001,
        0.0645235104,
        0.0628690234
      ],
      "memory_usage_byte": [
        2359296,
        2359296,
        2359296,
        2359296,
        2359296,
        2359296,
        2359296,
        2359296,
        2359296,
        2359296
      ],
      "exit_codes": [
        0,
        0,
        0,
        0,
        0,
        0,
        0,
        0,
        0,
        0
      ]
    }
  ]
}
