{
  "results": [
    {
      "command": "./flex_a_and_asb < '../src/main/scala/com/ziplex/benchmark/res/as/300.txt' > /dev/null",
      "mean": 0.0010777088399999996,
      "stddev": 0.0005977679761355665,
      "median": 0.0008171079399999997,
      "user": 0.0007191599999999998,
      "system": 0.0003608,
      "min": 0.0006824409399999996,
      "max": 0.0025507139399999997,
      "times": [
        0.0025507139399999997,
        0.0008601029399999997,
        0.0009146429399999997,
        0.0007782519399999997,
        0.00174361394,
        0.0008131929399999996,
        0.0008079729399999996,
        0.0008210229399999997,
        0.0006824409399999996,
        0.0008051329399999998
      ],
      "memory_usage_byte": [
        2359296,
        2359296,
        2359296,
        2359296,
        2359296,
        2359296,
        2359296,
        2359296,
        2359296,
        2359296
      ],
      "exit_codes": [
        0,
        0,
        0,
        0,
        0,
        0,
        0,
        0,
        0,
        0
      ]
    }
  ]
}
