{
  "results": [
    {
      "command": "./flex_a_and_asb < '../src/main/scala/com/ziplex/benchmark/res/as/500.0.txt' > /dev/null",
      "mean": 0.0005568159599999999,
      "stddev": 0.0002251227526272179,
      "median": 0.00045294466,
      "user": 0.00028456,
      "system": 0.0003012719999999999,
      "min": 0.00039445366,
      "max": 0.0010754516599999998,
      "times": [
        0.00045358466,
        0.00046453565999999993,
        0.00039445366,
        0.0004468846599999999,
        0.0008250986599999999,
        0.00062878666,
        0.00042732465999999983,
        0.00039973465999999997,
        0.0010754516599999998,
        0.00045230466
      ],
      "memory_usage_byte": [
        2359296,
        2359296,
        2359296,
        2359296,
        2359296,
        2359296,
        2359296,
        2359296,
        2359296,
        2359296
      ],
      "exit_codes": [
        0,
        0,
        0,
        0,
        0,
        0,
        0,
        0,
        0,
        0
      ]
    }
  ]
}
