{
  "results": [
    {
      "command": "./flex_a_and_asb < '../src/main/scala/com/ziplex/benchmark/res/as/95000.txt' > /dev/null",
      "mean": 21.89762636266,
      "stddev": 0.011877339507386408,
      "median": 21.891710452859996,
      "user": 21.88861198,
      "system": 0.0028472999999999997,
      "min": 21.88456516986,
      "max": 21.919309308859997,
      "times": [
        21.90929506086,
        21.891705270859998,
        21.90086239786,
        21.919309308859997,
        21.911392342859997,
        21.88825052486,
        21.89171563486,
        21.88456516986,
        21.887925605859998,
        21.891242309859997
      ],
      "memory_usage_byte": [
        2359296,
        2359296,
        2359296,
        2359296,
        2359296,
        2359296,
        2359296,
        2359296,
        2359296,
        2359296
      ],
      "exit_codes": [
        0,
        0,
        0,
        0,
        0,
        0,
        0,
        0,
        0,
        0
      ]
    }
  ]
}
