{
  "results": [
    {
      "command": "./flex_a_and_asb < '../src/main/scala/com/ziplex/benchmark/res/as/80000.txt' > /dev/null",
      "mean": 15.569210119740001,
      "stddev": 0.04539650299716326,
      "median": 15.55440239054,
      "user": 15.56340798,
      "system": 0.0028199999999999996,
      "min": 15.53129909454,
      "max": 15.664163065539999,
      "times": [
        15.57284142354,
        15.55017758354,
        15.55862719754,
        15.56801996354,
        15.635815573539999,
        15.664163065539999,
        15.53129909454,
        15.543693528539999,
        15.534298763539999,
        15.533165003539999
      ],
      "memory_usage_byte": [
        2359296,
        2359296,
        2359296,
        2359296,
        2359296,
        2359296,
        2359296,
        2359296,
        2359296,
        2359296
      ],
      "exit_codes": [
        0,
        0,
        0,
        0,
        0,
        0,
        0,
        0,
        0,
        0
      ]
    }
  ]
}
