{
  "results": [
    {
      "command": "./flex_a_and_asb < '../src/main/scala/com/ziplex/benchmark/res/as/92500.txt' > /dev/null",
      "mean": 20.75440623352,
      "stddev": 0.012575868890238153,
      "median": 20.75056525552,
      "user": 20.748778679999997,
      "system": 0.0015734199999999996,
      "min": 20.74189061202,
      "max": 20.78375883702,
      "times": [
        20.74942530602,
        20.74189061202,
        20.747949838020002,
        20.75083636702,
        20.75403785502,
        20.78375883702,
        20.76900478102,
        20.75192365602,
        20.74494093902,
        20.75029414402
      ],
      "memory_usage_byte": [
        2359296,
        2359296,
        2359296,
        2359296,
        2359296,
        2359296,
        2359296,
        2359296,
        2359296,
        2359296
      ],
      "exit_codes": [
        0,
        0,
        0,
        0,
        0,
        0,
        0,
        0,
        0,
        0
      ]
    }
  ]
}
