{
  "results": [
    {
      "command": "./flex_a_and_asb < '../src/main/scala/com/ziplex/benchmark/res/as/200.txt' > /dev/null",
      "mean": 0.0007900706200000002,
      "stddev": 0.00029922049899298533,
      "median": 0.00066044262,
      "user": 0.000500154,
      "system": 0.000388964,
      "min": 0.0005976621200000002,
      "max": 0.0013540691200000002,
      "times": [
        0.0013540691200000002,
        0.0013501391200000002,
        0.0007324931200000001,
        0.00069298212,
        0.0006080321200000002,
        0.0006604421200000001,
        0.0005976621200000002,
        0.0006464221200000001,
        0.0005980211200000001,
        0.00066044312
      ],
      "memory_usage_byte": [
        2359296,
        2359296,
        2359296,
        2359296,
        2359296,
        2359296,
        2359296,
        2359296,
        2359296,
        2359296
      ],
      "exit_codes": [
        0,
        0,
        0,
        0,
        0,
        0,
        0,
        0,
        0,
        0
      ]
    }
  ]
}
