{
  "results": [
    {
      "command": "./flex_a_and_asb < '../src/main/scala/com/ziplex/benchmark/res/as/40000.txt' > /dev/null",
      "mean": 3.8891331883999998,
      "stddev": 0.006754477383789322,
      "median": 3.8882024868,
      "user": 3.8852864400000002,
      "system": 0.0022549199999999997,
      "min": 3.8844488453,
      "max": 3.9073150653,
      "times": [
        3.8895362613,
        3.9073150653,
        3.8894836933000003,
        3.8888621023,
        3.8895802823000003,
        3.8875428713,
        3.8844488453,
        3.8849435133,
        3.8849760163,
        3.8846432333
      ],
      "memory_usage_byte": [
        2359296,
        2359296,
        2359296,
        2359296,
        2359296,
        2359296,
        2359296,
        2359296,
        2359296,
        2359296
      ],
      "exit_codes": [
        0,
        0,
        0,
        0,
        0,
        0,
        0,
        0,
        0,
        0
      ]
    }
  ]
}
