{
  "results": [
    {
      "command": "./flex_a_and_asb < '../src/main/scala/com/ziplex/benchmark/res/as/87500.txt' > /dev/null",
      "mean": 18.57340781908,
      "stddev": 0.010057530686439336,
      "median": 18.570110423579997,
      "user": 18.56739438,
      "system": 0.0024190999999999995,
      "min": 18.56231657358,
      "max": 18.58948926058,
      "times": [
        18.56231657358,
        18.57604638858,
        18.58942304958,
        18.58948926058,
        18.580126854579998,
        18.56551882158,
        18.56559664358,
        18.565339751579998,
        18.57235448658,
        18.56786636058
      ],
      "memory_usage_byte": [
        2359296,
        2359296,
        2359296,
        2359296,
        2359296,
        2359296,
        2359296,
        2359296,
        2359296,
        2359296
      ],
      "exit_codes": [
        0,
        0,
        0,
        0,
        0,
        0,
        0,
        0,
        0,
        0
      ]
    }
  ]
}
