{
  "results": [
    {
      "command": "./flex_a_and_asb < '../src/main/scala/com/ziplex/benchmark/res/as/1200.txt' > /dev/null",
      "mean": 0.00438763328,
      "stddev": 0.00029225115695761877,
      "median": 0.00430668448,
      "user": 0.003862099999999999,
      "system": 0.000588868,
      "min": 0.00418432748,
      "max": 0.00519596848,
      "times": [
        0.00519596848,
        0.0042442784800000005,
        0.00433602948,
        0.00418432748,
        0.00442196148,
        0.004243868480000001,
        0.00427733948,
        0.00436421048,
        0.00427060948,
        0.00433773948
      ],
      "memory_usage_byte": [
        2359296,
        2359296,
        2359296,
        2359296,
        2359296,
        2359296,
        2359296,
        2359296,
        2359296,
        2359296
      ],
      "exit_codes": [
        0,
        0,
        0,
        0,
        0,
        0,
        0,
        0,
        0,
        0
      ]
    }
  ]
}
