{
  "results": [
    {
      "command": "./flex_a_and_asb < '../src/main/scala/com/ziplex/benchmark/res/as/2500.txt' > /dev/null",
      "mean": 0.016266082500000004,
      "stddev": 0.00045065952300112267,
      "median": 0.016148082100000002,
      "user": 0.0153218,
      "system": 0.0009125999999999998,
      "min": 0.015811648100000002,
      "max": 0.0171873241,
      "times": [
        0.016024641100000004,
        0.015945510100000004,
        0.015811648100000002,
        0.0169921121,
        0.016136082100000004,
        0.016162522100000003,
        0.016160402100000002,
        0.016080501100000002,
        0.016160082100000004,
        0.0171873241
      ],
      "memory_usage_byte": [
        2359296,
        2359296,
        2359296,
        2359296,
        2359296,
        2359296,
        2359296,
        2359296,
        2359296,
        2359296
      ],
      "exit_codes": [
        0,
        0,
        0,
        0,
        0,
        0,
        0,
        0,
        0,
        0
      ]
    }
  ]
}
