{
  "results": [
    {
      "command": "./flex_a_and_asb < '../src/main/scala/com/ziplex/benchmark/res/as/45000.txt' > /dev/null",
      "mean": 4.914193428940001,
      "stddev": 0.0038508244974822465,
      "median": 4.91339442614,
      "user": 4.910163680000001,
      "system": 0.002240958,
      "min": 4.91172807114,
      "max": 4.9249684271400005,
      "times": [
        4.9249684271400005,
        4.91350080714,
        4.91217637414,
        4.91172807114,
        4.91367524614,
        4.91235377514,
        4.91369220314,
        4.91287287714,
        4.91328804514,
        4.91367846314
      ],
      "memory_usage_byte": [
        2359296,
        2359296,
        2359296,
        2359296,
        2359296,
        2359296,
        2359296,
        2359296,
        2359296,
        2359296
      ],
      "exit_codes": [
        0,
        0,
        0,
        0,
        0,
        0,
        0,
        0,
        0,
        0
      ]
    }
  ]
}
