{
  "results": [
    {
      "command": "./flex_a_and_asb < '../src/main/scala/com/ziplex/benchmark/res/as/17500.txt' > /dev/null",
      "mean": 0.7460205633600001,
      "stddev": 0.0005106855344818213,
      "median": 0.7457745679600001,
      "user": 0.74377022,
      "system": 0.00199156,
      "min": 0.7456950964600001,
      "max": 0.7470574774600001,
      "times": [
        0.7470574774600001,
        0.7458739734600001,
        0.7468979534600001,
        0.7457126384600001,
        0.7457887294600001,
        0.74575209746,
        0.7456950964600001,
        0.7457604064600001,
        0.7457426144600001,
        0.7459246464600001
      ],
      "memory_usage_byte": [
        2359296,
        2359296,
        2359296,
        2359296,
        2359296,
        2359296,
        2359296,
        2359296,
        2359296,
        2359296
      ],
      "exit_codes": [
        0,
        0,
        0,
        0,
        0,
        0,
        0,
        0,
        0,
        0
      ]
    }
  ]
}
