{
  "results": [
    {
      "command": "./flex_a_and_asb < '../src/main/scala/com/ziplex/benchmark/res/as/800.txt' > /dev/null",
      "mean": 0.0023747583600000005,
      "stddev": 0.0009319829695901161,
      "median": 0.0019845850600000003,
      "user": 0.0020910000000000004,
      "system": 0.000339468,
      "min": 0.00191745006,
      "max": 0.00486146006,
      "times": [
        0.00486146006,
        0.00209748106,
        0.00300629106,
        0.00198150006,
        0.00195900006,
        0.00191745006,
        0.00200885106,
        0.00196725006,
        0.00196063006,
        0.00198767006
      ],
      "memory_usage_byte": [
        2359296,
        2359296,
        2359296,
        2359296,
        2359296,
        2359296,
        2359296,
        2359296,
        2359296,
        2359296
      ],
      "exit_codes": [
        0,
        0,
        0,
        0,
        0,
        0,
        0,
        0,
        0,
        0
      ]
    }
  ]
}
