{
  "results": [
    {
      "command": "./flex_a_and_asb < '../src/main/scala/com/ziplex/benchmark/res/as/45000.txt' > /dev/null",
      "mean": 4.917262161320001,
      "stddev": 0.0028850912389412633,
      "median": 4.916072553020001,
      "user": 4.91266934,
      "system": 0.00283624,
      "min": 4.91530559152,
      "max": 4.923761989520001,
      "times": [
        4.923761989520001,
        4.91660498752,
        4.91564356752,
        4.9160832375200005,
        4.91530559152,
        4.916061868520001,
        4.915655620520001,
        4.9167640845200005,
        4.92134273952,
        4.915397926520001
      ],
      "memory_usage_byte": [
        2359296,
        2359296,
        2359296,
        2359296,
        2359296,
        2359296,
        2359296,
        2359296,
        2359296,
        2359296
      ],
      "exit_codes": [
        0,
        0,
        0,
        0,
        0,
        0,
        0,
        0,
        0,
        0
      ]
    }
  ]
}
