{
  "results": [
    {
      "command": "./flex_a_and_asb < '../src/main/scala/com/ziplex/benchmark/res/as/200.txt' > /dev/null",
      "mean": 0.00067975532,
      "stddev": 0.00011944300895015442,
      "median": 0.00067628502,
      "user": 0.0002588400000000001,
      "system": 0.0004060199999999999,
      "min": 0.00056792952,
      "max": 0.0009583235200000001,
      "times": [
        0.0009583235200000001,
        0.0007836005200000002,
        0.00068129952,
        0.00060213952,
        0.00056792952,
        0.00067127052,
        0.0005727995200000001,
        0.00058098952,
        0.00068614052,
        0.0006930605200000001
      ],
      "memory_usage_byte": [
        2359296,
        2359296,
        2359296,
        2359296,
        2359296,
        2359296,
        2359296,
        2359296,
        2359296,
        2359296
      ],
      "exit_codes": [
        0,
        0,
        0,
        0,
        0,
        0,
        0,
        0,
        0,
        0
      ]
    }
  ]
}
