{
  "results": [
    {
      "command": "./flex_a_and_asb < '../src/main/scala/com/ziplex/benchmark/res/as/300.txt' > /dev/null",
      "mean": 0.0009779838,
      "stddev": 0.0003572245295108137,
      "median": 0.0008278953000000001,
      "user": 0.0005645199999999999,
      "system": 0.00041674799999999993,
      "min": 0.0007433548000000001,
      "max": 0.0016977438,
      "times": [
        0.0016042527999999999,
        0.0008467458,
        0.0007944448,
        0.0007673848,
        0.0008287958000000002,
        0.0007433548000000001,
        0.0008666458,
        0.0016977438,
        0.0008269948000000001,
        0.0008034748000000001
      ],
      "memory_usage_byte": [
        2359296,
        2359296,
        2359296,
        2359296,
        2359296,
        2359296,
        2359296,
        2359296,
        2359296,
        2359296
      ],
      "exit_codes": [
        0,
        0,
        0,
        0,
        0,
        0,
        0,
        0,
        0,
        0
      ]
    }
  ]
}
