{
  "results": [
    {
      "command": "./flex_a_and_asb < '../src/main/scala/com/ziplex/benchmark/res/as/97500.txt' > /dev/null",
      "mean": 23.078495552859998,
      "stddev": 0.008045215558198211,
      "median": 23.07606936876,
      "user": 23.07102654,
      "system": 0.00213914,
      "min": 23.065354327759998,
      "max": 23.09412090576,
      "times": [
        23.09412090576,
        23.07442629276,
        23.07653178276,
        23.08690521776,
        23.07779187476,
        23.075606954759998,
        23.08466239076,
        23.074914237759998,
        23.07464154376,
        23.065354327759998
      ],
      "memory_usage_byte": [
        2359296,
        2359296,
        2359296,
        2359296,
        2359296,
        2359296,
        2359296,
        2359296,
        2359296,
        2359296
      ],
      "exit_codes": [
        0,
        0,
        0,
        0,
        0,
        0,
        0,
        0,
        0,
        0
      ]
    }
  ]
}
