{
  "results": [
    {
      "command": "./flex_a_and_asb < '../src/main/scala/com/ziplex/benchmark/res/as/10000.txt' > /dev/null",
      "mean": 0.24494038600000004,
      "stddev": 0.0006141961098377596,
      "median": 0.2447602925,
      "user": 0.24279075999999997,
      "system": 0.00193216,
      "min": 0.2441002665,
      "max": 0.2460013835,
      "times": [
        0.2441783175,
        0.2460013835,
        0.2453124175,
        0.2446565315,
        0.2447607025,
        0.2441002665,
        0.2454677785,
        0.2455191985,
        0.2447598825,
        0.2446473815
      ],
      "memory_usage_byte": [
        2359296,
        2359296,
        2359296,
        2359296,
        2359296,
        2359296,
        2359296,
        2359296,
        2359296,
        2359296
      ],
      "exit_codes": [
        0,
        0,
        0,
        0,
        0,
        0,
        0,
        0,
        0,
        0
      ]
    }
  ]
}
