{
  "results": [
    {
      "command": "./flex_a_and_asb < '../src/main/scala/com/ziplex/benchmark/res/as/20000.txt' > /dev/null",
      "mean": 0.9737082783,
      "stddev": 0.0007357534760797009,
      "median": 0.9735432723999999,
      "user": 0.97155264,
      "system": 0.0020066999999999993,
      "min": 0.9725649919,
      "max": 0.9750456959,
      "times": [
        0.9750456959,
        0.9745922909,
        0.9742502189,
        0.9734593599,
        0.9732784089000001,
        0.9725649919,
        0.9737229439,
        0.9736057229,
        0.9734808219,
        0.9730823279
      ],
      "memory_usage_byte": [
        2359296,
        2359296,
        2359296,
        2359296,
        2359296,
        2359296,
        2359296,
        2359296,
        2359296,
        2359296
      ],
      "exit_codes": [
        0,
        0,
        0,
        0,
        0,
        0,
        0,
        0,
        0,
        0
      ]
    }
  ]
}
