{
  "results": [
    {
      "command": "./flex_a_and_asb < '../src/main/scala/com/ziplex/benchmark/res/as/500.txt' > /dev/null",
      "mean": 0.0011825998600000001,
      "stddev": 0.00024420556201337166,
      "median": 0.0011161004600000002,
      "user": 0.0007875239999999998,
      "system": 0.000505932,
      "min": 0.00105178946,
      "max": 0.0018688784600000004,
      "times": [
        0.0011244404600000003,
        0.00112982046,
        0.00105178946,
        0.00110776046,
        0.0018688784600000004,
        0.00106148946,
        0.0011843404600000002,
        0.0010861994600000003,
        0.00112865046,
        0.0010826294600000002
      ],
      "memory_usage_byte": [
        2359296,
        2359296,
        2359296,
        2359296,
        2359296,
        2359296,
        2359296,
        2359296,
        2359296,
        2359296
      ],
      "exit_codes": [
        0,
        0,
        0,
        0,
        0,
        0,
        0,
        0,
        0,
        0
      ]
    }
  ]
}
