{
  "results": [
    {
      "command": "./flex_a_and_asb < '../src/main/scala/com/ziplex/benchmark/res/as/5000.txt' > /dev/null",
      "mean": 0.06351362358,
      "stddev": 0.0005938846583322851,
      "median": 0.06340092927999999,
      "user": 0.061464300000000006,
      "system": 0.00189671,
      "min": 0.06262052828,
      "max": 0.06441717228,
      "times": [
        0.06363095228,
        0.06441717228,
        0.06336028928,
        0.06344156928,
        0.06262052828,
        0.06299627428,
        0.06306255528,
        0.06438533228,
        0.06324476628,
        0.06397679628
      ],
      "memory_usage_byte": [
        2359296,
        2359296,
        2359296,
        2359296,
        2359296,
        2359296,
        2359296,
        2359296,
        2359296,
        2359296
      ],
      "exit_codes": [
        0,
        0,
        0,
        0,
        0,
        0,
        0,
        0,
        0,
        0
      ]
    }
  ]
}
