{
  "results": [
    {
      "command": "./flex_a_and_asb < '../src/main/scala/com/ziplex/benchmark/res/as/100.txt' > /dev/null",
      "mean": 0.00063873812,
      "stddev": 0.0003481673933371066,
      "median": 0.00052519002,
      "user": 0.0003714799999999999,
      "system": 0.000285088,
      "min": 0.00048362952000000005,
      "max": 0.0016258515199999999,
      "times": [
        0.0016258515199999999,
        0.00059381052,
        0.0005270105199999999,
        0.0004996895200000001,
        0.00048362952000000005,
        0.0005602295200000001,
        0.00052336952,
        0.0005226005199999999,
        0.00053375052,
        0.00051743952
      ],
      "memory_usage_byte": [
        2359296,
        2359296,
        2359296,
        2359296,
        2359296,
        2359296,
        2359296,
        2359296,
        2359296,
        2359296
      ],
      "exit_codes": [
        0,
        0,
        0,
        0,
        0,
        0,
        0,
        0,
        0,
        0
      ]
    }
  ]
}
