{
  "results": [
    {
      "command": "./flex_a_and_asb < '../src/main/scala/com/ziplex/benchmark/res/as/100000.txt' > /dev/null",
      "mean": 24.257055823239998,
      "stddev": 0.014201019600402164,
      "median": 24.252307080039998,
      "user": 24.24745844,
      "system": 0.0024273199999999997,
      "min": 24.237816153039997,
      "max": 24.288345837039998,
      "times": [
        24.237816153039997,
        24.262082756039998,
        24.252533239039998,
        24.25079764804,
        24.25517896704,
        24.27246958604,
        24.25115267104,
        24.288345837039998,
        24.24810045404,
        24.252080921039997
      ],
      "memory_usage_byte": [
        2359296,
        2359296,
        2359296,
        2359296,
        2359296,
        2359296,
        2359296,
        2359296,
        2359296,
        2359296
      ],
      "exit_codes": [
        0,
        0,
        0,
        0,
        0,
        0,
        0,
        0,
        0,
        0
      ]
    }
  ]
}
