{
  "results": [
    {
      "command": "./flex_a_and_asb < '../src/main/scala/com/ziplex/benchmark/res/as/87500.txt' > /dev/null",
      "mean": 18.57866059822,
      "stddev": 0.010023345686574418,
      "median": 18.57338075942,
      "user": 18.571226759999995,
      "system": 0.0027635,
      "min": 18.568328660920002,
      "max": 18.59546975892,
      "times": [
        18.57438691192,
        18.568328660920002,
        18.56984824192,
        18.59546975892,
        18.58433827192,
        18.59148449092,
        18.587509402920002,
        18.57237460692,
        18.57139129192,
        18.571474343920002
      ],
      "memory_usage_byte": [
        2359296,
        2359296,
        2359296,
        2359296,
        2359296,
        2359296,
        2359296,
        2359296,
        2359296,
        2359296
      ],
      "exit_codes": [
        0,
        0,
        0,
        0,
        0,
        0,
        0,
        0,
        0,
        0
      ]
    }
  ]
}
