{
  "results": [
    {
      "command": "./flex_a_and_asb < '../src/main/scala/com/ziplex/benchmark/res/as/15000.txt' > /dev/null",
      "mean": 0.5488286577400001,
      "stddev": 0.00042805654964903994,
      "median": 0.5488440143400002,
      "user": 0.54667964,
      "system": 0.0018690999999999998,
      "min": 0.5482128618400001,
      "max": 0.5493924188400001,
      "times": [
        0.5490835058400001,
        0.5484290878400001,
        0.5493924188400001,
        0.5484200568400001,
        0.5493115168400001,
        0.5485288668400001,
        0.5482128618400001,
        0.5492202338400001,
        0.5490485518400001,
        0.5486394768400001
      ],
      "memory_usage_byte": [
        2359296,
        2359296,
        2359296,
        2359296,
        2359296,
        2359296,
        2359296,
        2359296,
        2359296,
        2359296
      ],
      "exit_codes": [
        0,
        0,
        0,
        0,
        0,
        0,
        0,
        0,
        0,
        0
      ]
    }
  ]
}
