{
  "results": [
    {
      "command": "./flex_a_and_asb < '../src/main/scala/com/ziplex/benchmark/res/as/100.txt' > /dev/null",
      "mean": 0.00058338746,
      "stddev": 0.00004209359397831346,
      "median": 0.0005893537599999999,
      "user": 0.00046524,
      "system": 0.00019029199999999997,
      "min": 0.00052941776,
      "max": 0.0006577687599999999,
      "times": [
        0.0005985787599999999,
        0.00059118876,
        0.00053435776,
        0.0006577687599999999,
        0.0005768187599999999,
        0.00053028776,
        0.0006192487599999999,
        0.0005875187599999999,
        0.00052941776,
        0.0006086887599999999
      ],
      "memory_usage_byte": [
        2359296,
        2359296,
        2359296,
        2359296,
        2359296,
        2359296,
        2359296,
        2359296,
        2359296,
        2359296
      ],
      "exit_codes": [
        0,
        0,
        0,
        0,
        0,
        0,
        0,
        0,
        0,
        0
      ]
    }
  ]
}
