{
  "results": [
    {
      "command": "./flex_a_and_asb < '../src/main/scala/com/ziplex/benchmark/res/as/52500.txt' > /dev/null",
      "mean": 6.688923452200001,
      "stddev": 0.005700940405612126,
      "median": 6.686759820400001,
      "user": 6.685500339999999,
      "system": 0.00198604,
      "min": 6.6843230464,
      "max": 6.7012148194000005,
      "times": [
        6.6843230464,
        6.6875198624,
        6.7012148194000005,
        6.6871560294000005,
        6.6863636114,
        6.6860474194,
        6.687174463400001,
        6.6855490664,
        6.6977596664000005,
        6.686126537400001
      ],
      "memory_usage_byte": [
        2359296,
        2359296,
        2359296,
        2359296,
        2359296,
        2359296,
        2359296,
        2359296,
        2359296,
        2359296
      ],
      "exit_codes": [
        0,
        0,
        0,
        0,
        0,
        0,
        0,
        0,
        0,
        0
      ]
    }
  ]
}
