{
  "results": [
    {
      "command": "./flex_a_and_asb < '../src/main/scala/com/ziplex/benchmark/res/as/42500.txt' > /dev/null",
      "mean": 4.386816045700001,
      "stddev": 0.0032216121032708207,
      "median": 4.3855697014,
      "user": 4.383024659999999,
      "system": 0.00228006,
      "min": 4.3844689849,
      "max": 4.3947188679,
      "times": [
        4.3847070379,
        4.3947188679,
        4.3852936739,
        4.3844689849,
        4.3903347779,
        4.3861686539,
        4.3854295209,
        4.3858995369,
        4.3854973899,
        4.3856420129
      ],
      "memory_usage_byte": [
        2359296,
        2359296,
        2359296,
        2359296,
        2359296,
        2359296,
        2359296,
        2359296,
        2359296,
        2359296
      ],
      "exit_codes": [
        0,
        0,
        0,
        0,
        0,
        0,
        0,
        0,
        0,
        0
      ]
    }
  ]
}
