{
  "results": [
    {
      "command": "./flex_a_and_asb < '../src/main/scala/com/ziplex/benchmark/res/as/55000.txt' > /dev/null",
      "mean": 7.34271586956,
      "stddev": 0.004894494989243738,
      "median": 7.343628535860001,
      "user": 7.338863339999999,
      "system": 0.0023084,
      "min": 7.33665986886,
      "max": 7.34921450886,
      "times": [
        7.33720898486,
        7.338364325860001,
        7.346290868860001,
        7.33665986886,
        7.33764661886,
        7.34261645986,
        7.34584805386,
        7.34464061186,
        7.34921450886,
        7.348668393860001
      ],
      "memory_usage_byte": [
        2359296,
        2359296,
        2359296,
        2359296,
        2359296,
        2359296,
        2359296,
        2359296,
        2359296,
        2359296
      ],
      "exit_codes": [
        0,
        0,
        0,
        0,
        0,
        0,
        0,
        0,
        0,
        0
      ]
    }
  ]
}
