{
  "results": [
    {
      "command": "./flex_a_and_asb < '../src/main/scala/com/ziplex/benchmark/res/as/1200.txt' > /dev/null",
      "mean": 0.003998428480000002,
      "stddev": 0.00008305440031128192,
      "median": 0.00398579068,
      "user": 0.0035346799999999997,
      "system": 0.0005447320000000001,
      "min": 0.0038742086800000004,
      "max": 0.004147861680000001,
      "times": [
        0.003990340680000001,
        0.0040400806800000005,
        0.00398124068,
        0.003952589680000001,
        0.0038742086800000004,
        0.00410399168,
        0.003937520680000001,
        0.003931029680000001,
        0.004147861680000001,
        0.004025420680000001
      ],
      "memory_usage_byte": [
        2359296,
        2359296,
        2359296,
        2359296,
        2359296,
        2359296,
        2359296,
        2359296,
        2359296,
        2359296
      ],
      "exit_codes": [
        0,
        0,
        0,
        0,
        0,
        0,
        0,
        0,
        0,
        0
      ]
    }
  ]
}
