{
  "results": [
    {
      "command": "./flex_a_and_asb < '../src/main/scala/com/ziplex/benchmark/res/as/2500.txt' > /dev/null",
      "mean": 0.01659702392,
      "stddev": 0.0005871085059009205,
      "median": 0.01629170032,
      "user": 0.015083759999999996,
      "system": 0.0014524,
      "min": 0.016209309820000004,
      "max": 0.018088269820000002,
      "times": [
        0.018088269820000002,
        0.016690064820000003,
        0.016505772820000004,
        0.01626345082,
        0.01628819982,
        0.016209309820000004,
        0.01629520082,
        0.016280380820000002,
        0.016286820820000002,
        0.01706276882
      ],
      "memory_usage_byte": [
        2359296,
        2359296,
        2359296,
        2359296,
        2359296,
        2359296,
        2359296,
        2359296,
        2359296,
        2359296
      ],
      "exit_codes": [
        0,
        0,
        0,
        0,
        0,
        0,
        0,
        0,
        0,
        0
      ]
    }
  ]
}
