{
  "results": [
    {
      "command": "./flex_a_and_asb < '../src/main/scala/com/ziplex/benchmark/res/as/40000.txt' > /dev/null",
      "mean": 3.887132157800001,
      "stddev": 0.002874339678305764,
      "median": 3.8864190464,
      "user": 3.88361936,
      "system": 0.00257898,
      "min": 3.8843303734,
      "max": 3.8938067284,
      "times": [
        3.8846668354,
        3.8851217094,
        3.8893425564,
        3.8869805564,
        3.8862046994,
        3.8888230334,
        3.8854116924,
        3.8843303734,
        3.8866333934,
        3.8938067284
      ],
      "memory_usage_byte": [
        2359296,
        2359296,
        2359296,
        2359296,
        2359296,
        2359296,
        2359296,
        2359296,
        2359296,
        2359296
      ],
      "exit_codes": [
        0,
        0,
        0,
        0,
        0,
        0,
        0,
        0,
        0,
        0
      ]
    }
  ]
}
