{
  "results": [
    {
      "command": "./flex_a_and_asb < '../src/main/scala/com/ziplex/benchmark/res/as/5000.txt' > /dev/null",
      "mean": 0.06341675832,
      "stddev": 0.0007891394709374483,
      "median": 0.06327455092,
      "user": 0.061236599999999995,
      "system": 0.00204244,
      "min": 0.06255282742,
      "max": 0.06541338942000001,
      "times": [
        0.06387230242,
        0.06345037742000001,
        0.06332276642000001,
        0.06286852142,
        0.06255282742,
        0.06322633542,
        0.06297469242,
        0.06541338942000001,
        0.06306744342000001,
        0.06341892742
      ],
      "memory_usage_byte": [
        2359296,
        2359296,
        2359296,
        2359296,
        2359296,
        2359296,
        2359296,
        2359296,
        2359296,
        2359296
      ],
      "exit_codes": [
        0,
        0,
        0,
        0,
        0,
        0,
        0,
        0,
        0,
        0
      ]
    }
  ]
}
