{
  "results": [
    {
      "command": "./flex_a_and_asb < '../src/main/scala/com/ziplex/benchmark/res/as/82500.txt' > /dev/null",
      "mean": 16.507375063939996,
      "stddev": 0.0036780313122283226,
      "median": 16.50720352244,
      "user": 16.5020195,
      "system": 0.0023637800000000002,
      "min": 16.50121287194,
      "max": 16.51539617194,
      "times": [
        16.50121287194,
        16.50536044694,
        16.51061581294,
        16.50756820394,
        16.50723287294,
        16.50558031694,
        16.51539617194,
        16.50747946094,
        16.50613030894,
        16.50717417194
      ],
      "memory_usage_byte": [
        2359296,
        2359296,
        2359296,
        2359296,
        2359296,
        2359296,
        2359296,
        2359296,
        2359296,
        2359296
      ],
      "exit_codes": [
        0,
        0,
        0,
        0,
        0,
        0,
        0,
        0,
        0,
        0
      ]
    }
  ]
}
