{
  "results": [
    {
      "command": "./flex_a_and_asb < '../src/main/scala/com/ziplex/benchmark/res/as/47500.txt' > /dev/null",
      "mean": 5.477781941439999,
      "stddev": 0.004855671006526408,
      "median": 5.4785007732399995,
      "user": 5.474276439999999,
      "system": 0.00234422,
      "min": 5.47154535174,
      "max": 5.48784849474,
      "times": [
        5.47154535174,
        5.47403716674,
        5.47288368274,
        5.47404430474,
        5.4779413547399995,
        5.47916933574,
        5.4806966917399995,
        5.48059283974,
        5.48784849474,
        5.4790601917399995
      ],
      "memory_usage_byte": [
        2359296,
        2359296,
        2359296,
        2359296,
        2359296,
        2359296,
        2359296,
        2359296,
        2359296,
        2359296
      ],
      "exit_codes": [
        0,
        0,
        0,
        0,
        0,
        0,
        0,
        0,
        0,
        0
      ]
    }
  ]
}
