{
  "results": [
    {
      "command": "./flex_a_and_asb < '../src/main/scala/com/ziplex/benchmark/res/as/47500.txt' > /dev/null",
      "mean": 5.478424444839999,
      "stddev": 0.002572280103890364,
      "median": 5.477210169939999,
      "user": 5.4737354400000005,
      "system": 0.002694619999999999,
      "min": 5.4764638004399995,
      "max": 5.48316791544,
      "times": [
        5.47852460944,
        5.47658308544,
        5.47704454544,
        5.47793928444,
        5.477307832439999,
        5.483165651439999,
        5.476935216439999,
        5.4764638004399995,
        5.48316791544,
        5.477112507439999
      ],
      "memory_usage_byte": [
        2359296,
        2359296,
        2359296,
        2359296,
        2359296,
        2359296,
        2359296,
        2359296,
        2359296,
        2359296
      ],
      "exit_codes": [
        0,
        0,
        0,
        0,
        0,
        0,
        0,
        0,
        0,
        0
      ]
    }
  ]
}
