{
  "results": [
    {
      "command": "./flex_a_and_asb < '../src/main/scala/com/ziplex/benchmark/res/as/10000.txt' > /dev/null",
      "mean": 0.24508097134000004,
      "stddev": 0.0006078217725615074,
      "median": 0.24506039994,
      "user": 0.24327975999999998,
      "system": 0.00172468,
      "min": 0.24429369194000003,
      "max": 0.24610596094,
      "times": [
        0.24429369194000003,
        0.24505629994000003,
        0.24451395494000003,
        0.24510277094000002,
        0.24608850994,
        0.24506449994,
        0.24509919094000002,
        0.24453379494000002,
        0.24495103894000003,
        0.24610596094
      ],
      "memory_usage_byte": [
        2359296,
        2359296,
        2359296,
        2359296,
        2359296,
        2359296,
        2359296,
        2359296,
        2359296,
        2359296
      ],
      "exit_codes": [
        0,
        0,
        0,
        0,
        0,
        0,
        0,
        0,
        0,
        0
      ]
    }
  ]
}
