{
  "results": [
    {
      "command": "./flex_a_and_asb < '../src/main/scala/com/ziplex/benchmark/res/as/200.txt' > /dev/null",
      "mean": 0.0008502272599999998,
      "stddev": 0.0003242215256094032,
      "median": 0.0007844393599999999,
      "user": 0.00043997999999999986,
      "system": 0.000501776,
      "min": 0.0005135908599999998,
      "max": 0.00143535286,
      "times": [
        0.0005307118599999999,
        0.0011897298599999999,
        0.00143535286,
        0.00114047886,
        0.0006203718599999998,
        0.0005135908599999998,
        0.0009339058599999999,
        0.0009282158599999998,
        0.00064066286,
        0.0005692518599999998
      ],
      "memory_usage_byte": [
        2359296,
        2359296,
        2359296,
        2359296,
        2359296,
        2359296,
        2359296,
        2359296,
        2359296,
        2359296
      ],
      "exit_codes": [
        0,
        0,
        0,
        0,
        0,
        0,
        0,
        0,
        0,
        0
      ]
    }
  ]
}
