{
  "results": [
    {
      "command": "./flex_a_and_asb < '../src/main/scala/com/ziplex/benchmark/res/as/500.txt' > /dev/null",
      "mean": 0.00126415428,
      "stddev": 0.0000804928615454674,
      "median": 0.00126078478,
      "user": 0.00124452,
      "system": 0.00018810999999999999,
      "min": 0.0011527142799999997,
      "max": 0.00143610728,
      "times": [
        0.00132293628,
        0.0011527142799999997,
        0.00120100528,
        0.00143610728,
        0.0012821752799999997,
        0.00125264428,
        0.0011824142799999999,
        0.0012997552799999998,
        0.00126892528,
        0.0012428652799999999
      ],
      "memory_usage_byte": [
        2359296,
        2359296,
        2359296,
        2359296,
        2359296,
        2359296,
        2359296,
        2359296,
        2359296,
        2359296
      ],
      "exit_codes": [
        0,
        0,
        0,
        0,
        0,
        0,
        0,
        0,
        0,
        0
      ]
    }
  ]
}
