{
  "results": [
    {
      "command": "./flex_a_and_asb < '../src/main/scala/com/ziplex/benchmark/res/as/40000.txt' > /dev/null",
      "mean": 3.8841617602600005,
      "stddev": 0.004040735342706092,
      "median": 3.8824821162600003,
      "user": 3.8811729799999997,
      "system": 0.0018512599999999998,
      "min": 3.88160616076,
      "max": 3.89316924876,
      "times": [
        3.88256718876,
        3.89016672776,
        3.88239704376,
        3.8816607637600002,
        3.88160616076,
        3.89316924876,
        3.88207315076,
        3.88289083676,
        3.8823267997600004,
        3.88275968176
      ],
      "memory_usage_byte": [
        2359296,
        2359296,
        2359296,
        2359296,
        2359296,
        2359296,
        2359296,
        2359296,
        2359296,
        2359296
      ],
      "exit_codes": [
        0,
        0,
        0,
        0,
        0,
        0,
        0,
        0,
        0,
        0
      ]
    }
  ]
}
