{
  "results": [
    {
      "command": "./flex_a_and_asb < '../src/main/scala/com/ziplex/benchmark/res/as/52500.txt' > /dev/null",
      "mean": 6.68684629316,
      "stddev": 0.0023534167870065247,
      "median": 6.68624051796,
      "user": 6.683036940000001,
      "system": 0.0025085600000000004,
      "min": 6.68522239646,
      "max": 6.69323976946,
      "times": [
        6.68651020246,
        6.68718093846,
        6.68647212046,
        6.68720023746,
        6.68571438346,
        6.68522239646,
        6.68600891546,
        6.68544042846,
        6.69323976946,
        6.68547353946
      ],
      "memory_usage_byte": [
        2359296,
        2359296,
        2359296,
        2359296,
        2359296,
        2359296,
        2359296,
        2359296,
        2359296,
        2359296
      ],
      "exit_codes": [
        0,
        0,
        0,
        0,
        0,
        0,
        0,
        0,
        0,
        0
      ]
    }
  ]
}
