{
  "results": [
    {
      "command": "./flex_a_and_asb < '../src/main/scala/com/ziplex/benchmark/res/as/20000.txt' > /dev/null",
      "mean": 0.9741676674799999,
      "stddev": 0.0009927600477482547,
      "median": 0.9742162864800001,
      "user": 0.9718304,
      "system": 0.0020799399999999997,
      "min": 0.97231278448,
      "max": 0.9760065074800001,
      "times": [
        0.9744998114800001,
        0.97231278448,
        0.9760065074800001,
        0.9741925344800001,
        0.97410542148,
        0.9744973944800001,
        0.9749920694800001,
        0.9742400384800001,
        0.9733560064800001,
        0.9734741064800001
      ],
      "memory_usage_byte": [
        2359296,
        2359296,
        2359296,
        2359296,
        2359296,
        2359296,
        2359296,
        2359296,
        2359296,
        2359296
      ],
      "exit_codes": [
        0,
        0,
        0,
        0,
        0,
        0,
        0,
        0,
        0,
        0
      ]
    }
  ]
}
