{
  "results": [
    {
      "command": "./flex_a_and_asb < '../src/main/scala/com/ziplex/benchmark/res/as/15000.txt' > /dev/null",
      "mean": 0.54818043214,
      "stddev": 0.0009137726405055686,
      "median": 0.5481949500400001,
      "user": 0.54603946,
      "system": 0.0019129199999999998,
      "min": 0.54622523304,
      "max": 0.54997035604,
      "times": [
        0.54864844504,
        0.54810641004,
        0.54622523304,
        0.54830528104,
        0.5484149620400001,
        0.5478606570400001,
        0.5482264800400001,
        0.54997035604,
        0.54788307704,
        0.5481634200400001
      ],
      "memory_usage_byte": [
        2359296,
        2359296,
        2359296,
        2359296,
        2359296,
        2359296,
        2359296,
        2359296,
        2359296,
        2359296
      ],
      "exit_codes": [
        0,
        0,
        0,
        0,
        0,
        0,
        0,
        0,
        0,
        0
      ]
    }
  ]
}
