{
  "results": [
    {
      "command": "./flex_a_and_asb < '../src/main/scala/com/ziplex/benchmark/res/as/82500.txt' > /dev/null",
      "mean": 16.51965890844,
      "stddev": 0.01145484880466532,
      "median": 16.51749226874,
      "user": 16.515112180000003,
      "system": 0.0016971,
      "min": 16.50388328624,
      "max": 16.53954173924,
      "times": [
        16.518894370239998,
        16.53954173924,
        16.53206780824,
        16.523658908239998,
        16.51160030724,
        16.50709672224,
        16.51410529824,
        16.516090167239998,
        16.50388328624,
        16.52965047724
      ],
      "memory_usage_byte": [
        2359296,
        2359296,
        2359296,
        2359296,
        2359296,
        2359296,
        2359296,
        2359296,
        2359296,
        2359296
      ],
      "exit_codes": [
        0,
        0,
        0,
        0,
        0,
        0,
        0,
        0,
        0,
        0
      ]
    }
  ]
}
