{
  "results": [
    {
      "command": "./flex_a_and_asb < '../src/main/scala/com/ziplex/benchmark/res/as/75000.txt' > /dev/null",
      "mean": 13.680784963239997,
      "stddev": 0.0983352362932102,
      "median": 13.648255486339998,
      "user": 13.646921699999998,
      "system": 0.0022615000000000005,
      "min": 13.64030190334,
      "max": 13.95944633934,
      "times": [
        13.640658020339998,
        13.650329997339998,
        13.95944633934,
        13.65945764334,
        13.658831082339999,
        13.646180975339998,
        13.644503282339999,
        13.666752259339999,
        13.64138812934,
        13.64030190334
      ],
      "memory_usage_byte": [
        2359296,
        2359296,
        2359296,
        2359296,
        2359296,
        2359296,
        2359296,
        2359296,
        2359296,
        2359296
      ],
      "exit_codes": [
        0,
        0,
        0,
        0,
        0,
        0,
        0,
        0,
        0,
        0
      ]
    }
  ]
}
