{
  "results": [
    {
      "command": "./flex_a_and_asb < '../src/main/scala/com/ziplex/benchmark/res/as/32500.txt' > /dev/null",
      "mean": 2.5657687126599997,
      "stddev": 0.0030644772411763887,
      "median": 2.56433506866,
      "user": 2.561990099999999,
      "system": 0.0026611200000000003,
      "min": 2.56309119916,
      "max": 2.57222517316,
      "times": [
        2.56309119916,
        2.56423055416,
        2.57018630616,
        2.56426049816,
        2.5635688611600003,
        2.56496605016,
        2.56398395016,
        2.56676489516,
        2.56440963916,
        2.57222517316
      ],
      "memory_usage_byte": [
        2359296,
        2359296,
        2359296,
        2359296,
        2359296,
        2359296,
        2359296,
        2359296,
        2359296,
        2359296
      ],
      "exit_codes": [
        0,
        0,
        0,
        0,
        0,
        0,
        0,
        0,
        0,
        0
      ]
    }
  ]
}
