{
  "results": [
    {
      "command": "./flex_a_and_asb < '../src/main/scala/com/ziplex/benchmark/res/as/55000.txt' > /dev/null",
      "mean": 7.33921336162,
      "stddev": 0.002774480605881191,
      "median": 7.33857306992,
      "user": 7.335876619999999,
      "system": 0.00183546,
      "min": 7.33705739742,
      "max": 7.34661295042,
      "times": [
        7.33870751942,
        7.339239485419999,
        7.34661295042,
        7.33985890442,
        7.33811772642,
        7.33732160942,
        7.33705739742,
        7.33727882242,
        7.33950058042,
        7.33843862042
      ],
      "memory_usage_byte": [
        2359296,
        2359296,
        2359296,
        2359296,
        2359296,
        2359296,
        2359296,
        2359296,
        2359296,
        2359296
      ],
      "exit_codes": [
        0,
        0,
        0,
        0,
        0,
        0,
        0,
        0,
        0,
        0
      ]
    }
  ]
}
