{
  "results": [
    {
      "command": "./flex_a_and_asb < '../src/main/scala/com/ziplex/benchmark/res/as/67500.txt' > /dev/null",
      "mean": 11.099608569099999,
      "stddev": 0.09679566371352391,
      "median": 11.068775360899998,
      "user": 11.0946023,
      "system": 0.0023506,
      "min": 11.0544504389,
      "max": 11.3734690809,
      "times": [
        11.0893707549,
        11.3734690809,
        11.070049254899999,
        11.0667657639,
        11.070678192899999,
        11.0675014669,
        11.0821782259,
        11.0559925599,
        11.0656299519,
        11.0544504389
      ],
      "memory_usage_byte": [
        2359296,
        2359296,
        2359296,
        2359296,
        2359296,
        2359296,
        2359296,
        2359296,
        2359296,
        2359296
      ],
      "exit_codes": [
        0,
        0,
        0,
        0,
        0,
        0,
        0,
        0,
        0,
        0
      ]
    }
  ]
}
