{
  "results": [
    {
      "command": "./flex_a_and_asb < '../src/main/scala/com/ziplex/benchmark/res/as/20000.txt' > /dev/null",
      "mean": 0.97272742626,
      "stddev": 0.001445730961938489,
      "median": 0.9721315271600001,
      "user": 0.9706271800000001,
      "system": 0.0019172119999999997,
      "min": 0.9710568216600001,
      "max": 0.97535518566,
      "times": [
        0.9710568216600001,
        0.9723885156600001,
        0.9718745386600001,
        0.97535518566,
        0.9733458836600001,
        0.97134140266,
        0.97182018766,
        0.9717457956600001,
        0.9742149506600001,
        0.97413098066
      ],
      "memory_usage_byte": [
        2359296,
        2359296,
        2359296,
        2359296,
        2359296,
        2359296,
        2359296,
        2359296,
        2359296,
        2359296
      ],
      "exit_codes": [
        0,
        0,
        0,
        0,
        0,
        0,
        0,
        0,
        0,
        0
      ]
    }
  ]
}
