{
  "results": [
    {
      "command": "./flex_a_and_asb < '../src/main/scala/com/ziplex/benchmark/res/as/1200.txt' > /dev/null",
      "mean": 0.0041593839600000005,
      "stddev": 0.00022335676999189242,
      "median": 0.0040912045600000006,
      "user": 0.00371844,
      "system": 0.000484584,
      "min": 0.00405229906,
      "max": 0.0047909560600000005,
      "times": [
        0.00413075906,
        0.00405285906,
        0.00405229906,
        0.00408506906,
        0.00409734006,
        0.0047909560600000005,
        0.0040810390600000005,
        0.00411988006,
        0.00410356906,
        0.00408006906
      ],
      "memory_usage_byte": [
        2359296,
        2359296,
        2359296,
        2359296,
        2359296,
        2359296,
        2359296,
        2359296,
        2359296,
        2359296
      ],
      "exit_codes": [
        0,
        0,
        0,
        0,
        0,
        0,
        0,
        0,
        0,
        0
      ]
    }
  ]
}
