{
  "results": [
    {
      "command": "./flex_a_and_asb < '../src/main/scala/com/ziplex/benchmark/res/as/200.txt' > /dev/null",
      "mean": 0.0006076164800000001,
      "stddev": 0.00016538110606330525,
      "median": 0.00055487698,
      "user": 0.0004457000000000001,
      "system": 0.00021534,
      "min": 0.0005086809800000001,
      "max": 0.00106680698,
      "times": [
        0.0006259129799999999,
        0.00106680698,
        0.0005517819800000001,
        0.00054063198,
        0.00055797198,
        0.00060321198,
        0.0005610519799999999,
        0.00055117198,
        0.0005086809800000001,
        0.0005089419799999999
      ],
      "memory_usage_byte": [
        2359296,
        2359296,
        2359296,
        2359296,
        2359296,
        2359296,
        2359296,
        2359296,
        2359296,
        2359296
      ],
      "exit_codes": [
        0,
        0,
        0,
        0,
        0,
        0,
        0,
        0,
        0,
        0
      ]
    }
  ]
}
