{
  "results": [
    {
      "command": "./flex_a_and_asb < '../src/main/scala/com/ziplex/benchmark/res/as/1000.txt' > /dev/null",
      "mean": 0.00345326968,
      "stddev": 0.0007611488841670278,
      "median": 0.00312479408,
      "user": 0.00269076,
      "system": 0.000798808,
      "min": 0.00309007408,
      "max": 0.0055356690800000006,
      "times": [
        0.00311370308,
        0.0030941340800000002,
        0.00309007408,
        0.00312931408,
        0.00315396508,
        0.0055356690800000006,
        0.0034720680799999997,
        0.0031202740800000003,
        0.00310164408,
        0.0037218510799999997
      ],
      "memory_usage_byte": [
        2359296,
        2359296,
        2359296,
        2359296,
        2359296,
        2359296,
        2359296,
        2359296,
        2359296,
        2359296
      ],
      "exit_codes": [
        0,
        0,
        0,
        0,
        0,
        0,
        0,
        0,
        0,
        0
      ]
    }
  ]
}
