{
  "results": [
    {
      "command": "./flex_a_and_asb < '../src/main/scala/com/ziplex/benchmark/res/as/10000.txt' > /dev/null",
      "mean": 0.24550008290000003,
      "stddev": 0.0008320301506396107,
      "median": 0.24550329180000002,
      "user": 0.243515,
      "system": 0.0018022800000000003,
      "min": 0.2444138503,
      "max": 0.2468407963,
      "times": [
        0.2450775473,
        0.2463787113,
        0.2445162323,
        0.2458228953,
        0.2447316333,
        0.2451836883,
        0.2468407963,
        0.2459741063,
        0.2460613683,
        0.2444138503
      ],
      "memory_usage_byte": [
        2359296,
        2359296,
        2359296,
        2359296,
        2359296,
        2359296,
        2359296,
        2359296,
        2359296,
        2359296
      ],
      "exit_codes": [
        0,
        0,
        0,
        0,
        0,
        0,
        0,
        0,
        0,
        0
      ]
    }
  ]
}
