{
  "results": [
    {
      "command": "./flex_a_and_asb < '../src/main/scala/com/ziplex/benchmark/res/as/30000.txt' > /dev/null",
      "mean": 2.1851525288399998,
      "stddev": 0.0012243703141543263,
      "median": 2.18554951614,
      "user": 2.1830926,
      "system": 0.00168716,
      "min": 2.18346050614,
      "max": 2.1866230451399997,
      "times": [
        2.1866230451399997,
        2.18559441214,
        2.18602128614,
        2.18596272314,
        2.18346050614,
        2.18359438614,
        2.1841122891399998,
        2.1865841641399997,
        2.18406785614,
        2.1855046201399997
      ],
      "memory_usage_byte": [
        2359296,
        2359296,
        2359296,
        2359296,
        2359296,
        2359296,
        2359296,
        2359296,
        2359296,
        2359296
      ],
      "exit_codes": [
        0,
        0,
        0,
        0,
        0,
        0,
        0,
        0,
        0,
        0
      ]
    }
  ]
}
