{
  "results": [
    {
      "command": "./flex_a_and_asb < '../src/main/scala/com/ziplex/benchmark/res/as/300.txt' > /dev/null",
      "mean": 0.00075573796,
      "stddev": 0.00002940173810357327,
      "median": 0.00075854276,
      "user": 0.0004935799999999999,
      "system": 0.00030824,
      "min": 0.0007161527599999998,
      "max": 0.0008025537599999999,
      "times": [
        0.0007664927599999999,
        0.0007924137600000001,
        0.0007282327599999999,
        0.00074125276,
        0.00072036276,
        0.0007161527599999998,
        0.00076272276,
        0.00077283276,
        0.0008025537599999999,
        0.00075436276
      ],
      "memory_usage_byte": [
        2359296,
        2359296,
        2359296,
        2359296,
        2359296,
        2359296,
        2359296,
        2359296,
        2359296,
        2359296
      ],
      "exit_codes": [
        0,
        0,
        0,
        0,
        0,
        0,
        0,
        0,
        0,
        0
      ]
    }
  ]
}
