{
  "results": [
    {
      "command": "./flex_a_and_asb < '../src/main/scala/com/ziplex/benchmark/res/as/20000.txt' > /dev/null",
      "mean": 0.97208551694,
      "stddev": 0.0005416158605929354,
      "median": 0.97209803084,
      "user": 0.97029638,
      "system": 0.0015130599999999997,
      "min": 0.97139350434,
      "max": 0.9733047623400001,
      "times": [
        0.9722684023400001,
        0.97208609034,
        0.97191433934,
        0.97139350434,
        0.97216800134,
        0.9733047623400001,
        0.9721099713400001,
        0.97242498434,
        0.9715520563400001,
        0.97163305734
      ],
      "memory_usage_byte": [
        2359296,
        2359296,
        2359296,
        2359296,
        2359296,
        2359296,
        2359296,
        2359296,
        2359296,
        2359296
      ],
      "exit_codes": [
        0,
        0,
        0,
        0,
        0,
        0,
        0,
        0,
        0,
        0
      ]
    }
  ]
}
