{
  "results": [
    {
      "command": "./flex_a_and_asb < '../src/main/scala/com/ziplex/benchmark/res/as/25000.txt' > /dev/null",
      "mean": 1.5179745629199999,
      "stddev": 0.0008979232081031119,
      "median": 1.51785782872,
      "user": 1.51591744,
      "system": 0.00176846,
      "min": 1.5159837517199999,
      "max": 1.51937894272,
      "times": [
        1.5189199087199998,
        1.51937894272,
        1.5177956077199999,
        1.5178195287199998,
        1.51801471072,
        1.51773944772,
        1.51789612872,
        1.5159837517199999,
        1.5184710447199998,
        1.5177265577199999
      ],
      "memory_usage_byte": [
        2359296,
        2359296,
        2359296,
        2359296,
        2359296,
        2359296,
        2359296,
        2359296,
        2359296,
        2359296
      ],
      "exit_codes": [
        0,
        0,
        0,
        0,
        0,
        0,
        0,
        0,
        0,
        0
      ]
    }
  ]
}
