{
  "results": [
    {
      "command": "./flex_a_and_asb < '../src/main/scala/com/ziplex/benchmark/res/as/45000.txt' > /dev/null",
      "mean": 4.91268776684,
      "stddev": 0.0012695765137596471,
      "median": 4.91239030924,
      "user": 4.91002516,
      "system": 0.0018796,
      "min": 4.91106431624,
      "max": 4.91499023324,
      "times": [
        4.9121603162400005,
        4.91106431624,
        4.9116206922400005,
        4.91381683124,
        4.912845773240001,
        4.91246366924,
        4.91231694924,
        4.91499023324,
        4.914148555240001,
        4.91145033224
      ],
      "memory_usage_byte": [
        2359296,
        2359296,
        2359296,
        2359296,
        2359296,
        2359296,
        2359296,
        2359296,
        2359296,
        2359296
      ],
      "exit_codes": [
        0,
        0,
        0,
        0,
        0,
        0,
        0,
        0,
        0,
        0
      ]
    }
  ]
}
