{
  "results": [
    {
      "command": "./flex_a_and_asb < '../src/main/scala/com/ziplex/benchmark/res/as/500.0.txt' > /dev/null",
      "mean": 0.00067357182,
      "stddev": 0.00027543027525772185,
      "median": 0.00056807772,
      "user": 0.0003529999999999999,
      "system": 0.000398088,
      "min": 0.0004641467200000001,
      "max": 0.00124969372,
      "times": [
        0.00124969372,
        0.00062313872,
        0.00060352872,
        0.00053420772,
        0.00056761772,
        0.00056853772,
        0.0004822567200000001,
        0.0004641467200000001,
        0.00111929272,
        0.00052329772
      ],
      "memory_usage_byte": [
        2359296,
        2359296,
        2359296,
        2359296,
        2359296,
        2359296,
        2359296,
        2359296,
        2359296,
        2359296
      ],
      "exit_codes": [
        0,
        0,
        0,
        0,
        0,
        0,
        0,
        0,
        0,
        0
      ]
    }
  ]
}
