{
  "results": [
    {
      "command": "./flex_a_and_asb < '../src/main/scala/com/ziplex/benchmark/res/as/50000.txt' > /dev/null",
      "mean": 6.06124270654,
      "stddev": 0.00289371392342513,
      "median": 6.05995837414,
      "user": 6.058299119999999,
      "system": 0.0023170200000000004,
      "min": 6.05830528914,
      "max": 6.066411276139999,
      "times": [
        6.05993620414,
        6.05998054414,
        6.06132470914,
        6.06191117614,
        6.05830528914,
        6.059271390139999,
        6.066347115139999,
        6.066411276139999,
        6.0593322141399995,
        6.0596071471399995
      ],
      "memory_usage_byte": [
        2359296,
        2359296,
        2359296,
        2359296,
        2359296,
        2359296,
        2359296,
        2359296,
        2359296,
        2359296
      ],
      "exit_codes": [
        0,
        0,
        0,
        0,
        0,
        0,
        0,
        0,
        0,
        0
      ]
    }
  ]
}
