{
  "results": [
    {
      "command": "./flex_a_and_asb < '../src/main/scala/com/ziplex/benchmark/res/as/500.txt' > /dev/null",
      "mean": 0.0011871614600000003,
      "stddev": 0.00020584145667179558,
      "median": 0.00112558106,
      "user": 0.0007377199999999999,
      "system": 0.0005173119999999999,
      "min": 0.0010736205599999999,
      "max": 0.0017677875600000002,
      "times": [
        0.0017677875600000002,
        0.00113177156,
        0.0011758715600000001,
        0.00110303056,
        0.00111939056,
        0.0011336605600000002,
        0.0010736205599999999,
        0.00110456056,
        0.0011459505600000001,
        0.00111597056
      ],
      "memory_usage_byte": [
        2359296,
        2359296,
        2359296,
        2359296,
        2359296,
        2359296,
        2359296,
        2359296,
        2359296,
        2359296
      ],
      "exit_codes": [
        0,
        0,
        0,
        0,
        0,
        0,
        0,
        0,
        0,
        0
      ]
    }
  ]
}
