{
  "results": [
    {
      "command": "./flex_a_and_asb < '../src/main/scala/com/ziplex/benchmark/res/as/40000.txt' > /dev/null",
      "mean": 3.88745109198,
      "stddev": 0.0017364566460677682,
      "median": 3.88780628738,
      "user": 3.8846249399999997,
      "system": 0.002211886,
      "min": 3.8843374223800002,
      "max": 3.88971389738,
      "times": [
        3.8843374223800002,
        3.88488866338,
        3.88712472338,
        3.88700490638,
        3.8877219003800003,
        3.88946694338,
        3.8883470573800003,
        3.88971389738,
        3.88789067438,
        3.88801473138
      ],
      "memory_usage_byte": [
        2359296,
        2359296,
        2359296,
        2359296,
        2359296,
        2359296,
        2359296,
        2359296,
        2359296,
        2359296
      ],
      "exit_codes": [
        0,
        0,
        0,
        0,
        0,
        0,
        0,
        0,
        0,
        0
      ]
    }
  ]
}
