{
  "results": [
    {
      "command": "./flex_a_and_asb < '../src/main/scala/com/ziplex/benchmark/res/as/100.txt' > /dev/null",
      "mean": 0.00058015758,
      "stddev": 0.00006220739108828718,
      "median": 0.00056458938,
      "user": 0.00026108,
      "system": 0.00031523999999999994,
      "min": 0.00052245388,
      "max": 0.0007270958799999999,
      "times": [
        0.00059085388,
        0.0007270958799999999,
        0.00052245388,
        0.0005254338799999999,
        0.00063587588,
        0.00056194488,
        0.00056137488,
        0.00056723388,
        0.0005268938799999999,
        0.0005824148799999999
      ],
      "memory_usage_byte": [
        2359296,
        2359296,
        2359296,
        2359296,
        2359296,
        2359296,
        2359296,
        2359296,
        2359296,
        2359296
      ],
      "exit_codes": [
        0,
        0,
        0,
        0,
        0,
        0,
        0,
        0,
        0,
        0
      ]
    }
  ]
}
