{
  "results": [
    {
      "command": "./flex_a_and_asb < '../src/main/scala/com/ziplex/benchmark/res/as/2000.txt' > /dev/null",
      "mean": 0.010588261400000002,
      "stddev": 0.00031726033186566357,
      "median": 0.010419745700000002,
      "user": 0.010051519999999998,
      "system": 0.0005493039999999999,
      "min": 0.010382075200000002,
      "max": 0.011324775200000001,
      "times": [
        0.010906910200000001,
        0.010383315200000002,
        0.010387675200000002,
        0.010425866200000002,
        0.011324775200000001,
        0.010501146200000002,
        0.0107690092,
        0.010388216200000001,
        0.010382075200000002,
        0.010413625200000002
      ],
      "memory_usage_byte": [
        2359296,
        2359296,
        2359296,
        2359296,
        2359296,
        2359296,
        2359296,
        2359296,
        2359296,
        2359296
      ],
      "exit_codes": [
        0,
        0,
        0,
        0,
        0,
        0,
        0,
        0,
        0,
        0
      ]
    }
  ]
}
