{
  "results": [
    {
      "command": "./flex_a_and_asb < '../src/main/scala/com/ziplex/benchmark/res/as/200.txt' > /dev/null",
      "mean": 0.0007760046600000004,
      "stddev": 0.0003346363492637112,
      "median": 0.0006754155600000003,
      "user": 0.00045898400000000006,
      "system": 0.000423272,
      "min": 0.0005742695600000003,
      "max": 0.0017129815600000005,
      "times": [
        0.0017129815600000005,
        0.0007030615600000003,
        0.0005742695600000003,
        0.0006398005600000003,
        0.0005948995600000003,
        0.0007459505600000003,
        0.0007687315600000002,
        0.0006774105600000003,
        0.0006734205600000004,
        0.0006695205600000003
      ],
      "memory_usage_byte": [
        2359296,
        2359296,
        2359296,
        2359296,
        2359296,
        2359296,
        2359296,
        2359296,
        2359296,
        2359296
      ],
      "exit_codes": [
        0,
        0,
        0,
        0,
        0,
        0,
        0,
        0,
        0,
        0
      ]
    }
  ]
}
