{
  "results": [
    {
      "command": "./flex_a_and_asb < '../src/main/scala/com/ziplex/benchmark/res/as/70000.txt' > /dev/null",
      "mean": 11.88824980312,
      "stddev": 0.00629430433209586,
      "median": 11.88399345682,
      "user": 11.883629299999999,
      "system": 0.0021473200000000003,
      "min": 11.88332673182,
      "max": 11.89931459682,
      "times": [
        11.88339031782,
        11.89115120782,
        11.88351216682,
        11.88402580982,
        11.88332673182,
        11.88380570482,
        11.883961103819999,
        11.89298474582,
        11.89702564582,
        11.89931459682
      ],
      "memory_usage_byte": [
        2359296,
        2359296,
        2359296,
        2359296,
        2359296,
        2359296,
        2359296,
        2359296,
        2359296,
        2359296
      ],
      "exit_codes": [
        0,
        0,
        0,
        0,
        0,
        0,
        0,
        0,
        0,
        0
      ]
    }
  ]
}
