{
  "results": [
    {
      "command": "./flex_a_and_asb < '../src/main/scala/com/ziplex/benchmark/res/as/25000.txt' > /dev/null",
      "mean": 1.5181553880600003,
      "stddev": 0.0006313101972537343,
      "median": 1.5178990518600002,
      "user": 1.5156977200000001,
      "system": 0.0021697,
      "min": 1.5175314348600002,
      "max": 1.51937047086,
      "times": [
        1.5175364318600002,
        1.51876268186,
        1.5178104098600003,
        1.5175314348600002,
        1.5185889738600002,
        1.5178158038600003,
        1.5185801598600002,
        1.51798229986,
        1.51757521386,
        1.51937047086
      ],
      "memory_usage_byte": [
        2359296,
        2359296,
        2359296,
        2359296,
        2359296,
        2359296,
        2359296,
        2359296,
        2359296,
        2359296
      ],
      "exit_codes": [
        0,
        0,
        0,
        0,
        0,
        0,
        0,
        0,
        0,
        0
      ]
    }
  ]
}
