{
  "results": [
    {
      "command": "./flex_a_and_asb < '../src/main/scala/com/ziplex/benchmark/res/as/60000.txt' > /dev/null",
      "mean": 8.732494316319999,
      "stddev": 0.0027490417409077946,
      "median": 8.73174956472,
      "user": 8.728955719999998,
      "system": 0.0018865199999999996,
      "min": 8.730845755219999,
      "max": 8.74010650122,
      "times": [
        8.73266006422,
        8.731887326219999,
        8.731872616219999,
        8.731056017219998,
        8.74010650122,
        8.73140823122,
        8.730845755219999,
        8.73089437522,
        8.73162651322,
        8.73258576322
      ],
      "memory_usage_byte": [
        2359296,
        2359296,
        2359296,
        2359296,
        2359296,
        2359296,
        2359296,
        2359296,
        2359296,
        2359296
      ],
      "exit_codes": [
        0,
        0,
        0,
        0,
        0,
        0,
        0,
        0,
        0,
        0
      ]
    }
  ]
}
