{
  "results": [
    {
      "command": "./flex_a_and_asb < '../src/main/scala/com/ziplex/benchmark/res/as/37500.txt' > /dev/null",
      "mean": 3.4174548532199998,
      "stddev": 0.0017545197547839872,
      "median": 3.4167860244200003,
      "user": 3.41530576,
      "system": 0.00170498,
      "min": 3.41610095092,
      "max": 3.42204902892,
      "times": [
        3.41768906992,
        3.41610095092,
        3.42204902892,
        3.4176101409200004,
        3.41674811892,
        3.4164599529200004,
        3.4182200489200003,
        3.41663210992,
        3.41682392992,
        3.41621518092
      ],
      "memory_usage_byte": [
        2359296,
        2359296,
        2359296,
        2359296,
        2359296,
        2359296,
        2359296,
        2359296,
        2359296,
        2359296
      ],
      "exit_codes": [
        0,
        0,
        0,
        0,
        0,
        0,
        0,
        0,
        0,
        0
      ]
    }
  ]
}
