{
  "results": [
    {
      "command": "./flex_a_and_asb < '../src/main/scala/com/ziplex/benchmark/res/as/15000.txt' > /dev/null",
      "mean": 0.54818223184,
      "stddev": 0.00044135876620450044,
      "median": 0.54812097884,
      "user": 0.54608024,
      "system": 0.00190812,
      "min": 0.5477080078400001,
      "max": 0.5491480778400001,
      "times": [
        0.5491480778400001,
        0.54832712884,
        0.54802134384,
        0.5486111998400001,
        0.54784961184,
        0.54826672484,
        0.54822061384,
        0.5477907698400001,
        0.5478788398400001,
        0.5477080078400001
      ],
      "memory_usage_byte": [
        2359296,
        2359296,
        2359296,
        2359296,
        2359296,
        2359296,
        2359296,
        2359296,
        2359296,
        2359296
      ],
      "exit_codes": [
        0,
        0,
        0,
        0,
        0,
        0,
        0,
        0,
        0,
        0
      ]
    }
  ]
}
