{
  "results": [
    {
      "command": "./flex_a_and_asb < '../src/main/scala/com/ziplex/benchmark/res/as/32500.txt' > /dev/null",
      "mean": 2.5650303603199998,
      "stddev": 0.0033698588827979167,
      "median": 2.56379842682,
      "user": 2.56155558,
      "system": 0.0018816599999999998,
      "min": 2.56330531282,
      "max": 2.5743306118200002,
      "times": [
        2.56330531282,
        2.5634926618200002,
        2.5634994888200002,
        2.56337236382,
        2.56601366882,
        2.56397324482,
        2.56362575782,
        2.56471939682,
        2.5639710958200004,
        2.5743306118200002
      ],
      "memory_usage_byte": [
        2359296,
        2359296,
        2359296,
        2359296,
        2359296,
        2359296,
        2359296,
        2359296,
        2359296,
        2359296
      ],
      "exit_codes": [
        0,
        0,
        0,
        0,
        0,
        0,
        0,
        0,
        0,
        0
      ]
    }
  ]
}
