{
  "results": [
    {
      "command": "./flex_a_and_asb < '../src/main/scala/com/ziplex/benchmark/res/as/300.txt' > /dev/null",
      "mean": 0.00098971854,
      "stddev": 0.0007292237816982064,
      "median": 0.0007600813399999999,
      "user": 0.00051246,
      "system": 0.00052755,
      "min": 0.0006575298399999998,
      "max": 0.00306101484,
      "times": [
        0.00306101484,
        0.0008062918399999998,
        0.0008336018399999998,
        0.0007448808399999999,
        0.0007776608399999999,
        0.0007437818399999998,
        0.0006575298399999998,
        0.0007570018399999998,
        0.0007522608399999998,
        0.0007631608399999999
      ],
      "memory_usage_byte": [
        2359296,
        2359296,
        2359296,
        2359296,
        2359296,
        2359296,
        2359296,
        2359296,
        2359296,
        2359296
      ],
      "exit_codes": [
        0,
        0,
        0,
        0,
        0,
        0,
        0,
        0,
        0,
        0
      ]
    }
  ]
}
