{
  "results": [
    {
      "command": "./flex_a_and_asb < '../src/main/scala/com/ziplex/benchmark/res/as/5000.txt' > /dev/null",
      "mean": 0.06322033222000002,
      "stddev": 0.000678645874885086,
      "median": 0.06299852562000001,
      "user": 0.06153192,
      "system": 0.00151376,
      "min": 0.062381813120000004,
      "max": 0.06427894412,
      "times": [
        0.06421325212000001,
        0.06342813412000001,
        0.06303630112000001,
        0.06381939812000001,
        0.06268875612000001,
        0.062381813120000004,
        0.06296075012,
        0.06265437612000001,
        0.06427894412,
        0.06274159712
      ],
      "memory_usage_byte": [
        2359296,
        2359296,
        2359296,
        2359296,
        2359296,
        2359296,
        2359296,
        2359296,
        2359296,
        2359296
      ],
      "exit_codes": [
        0,
        0,
        0,
        0,
        0,
        0,
        0,
        0,
        0,
        0
      ]
    }
  ]
}
