{
  "results": [
    {
      "command": "./flex_a_and_asb < '../src/main/scala/com/ziplex/benchmark/res/as/97500.txt' > /dev/null",
      "mean": 23.075595326480002,
      "stddev": 0.03470488893793735,
      "median": 23.063768531180003,
      "user": 23.060230799999996,
      "system": 0.0021099319999999997,
      "min": 23.04997075368,
      "max": 23.16711644368,
      "times": [
        23.16711644368,
        23.08723092668,
        23.05119831868,
        23.06262474768,
        23.04997075368,
        23.05332914368,
        23.05954851568,
        23.08098216268,
        23.06491231468,
        23.07903993768
      ],
      "memory_usage_byte": [
        2359296,
        2359296,
        2359296,
        2359296,
        2359296,
        2359296,
        2359296,
        2359296,
        2359296,
        2359296
      ],
      "exit_codes": [
        0,
        0,
        0,
        0,
        0,
        0,
        0,
        0,
        0,
        0
      ]
    }
  ]
}
