{
  "results": [
    {
      "command": "./flex_a_and_asb < '../src/main/scala/com/ziplex/benchmark/res/as/17500.txt' > /dev/null",
      "mean": 0.7452314447800001,
      "stddev": 0.000335179148768753,
      "median": 0.74515672258,
      "user": 0.7433725799999998,
      "system": 0.0015681199999999999,
      "min": 0.74492656708,
      "max": 0.74603954508,
      "times": [
        0.74603954508,
        0.74495693308,
        0.74507202308,
        0.74540964608,
        0.74507010108,
        0.74539908408,
        0.74524142208,
        0.74524718008,
        0.74492656708,
        0.74495194608
      ],
      "memory_usage_byte": [
        2359296,
        2359296,
        2359296,
        2359296,
        2359296,
        2359296,
        2359296,
        2359296,
        2359296,
        2359296
      ],
      "exit_codes": [
        0,
        0,
        0,
        0,
        0,
        0,
        0,
        0,
        0,
        0
      ]
    }
  ]
}
