{
  "results": [
    {
      "command": "./flex_a_and_asb < '../src/main/scala/com/ziplex/benchmark/res/as/90000.txt' > /dev/null",
      "mean": 19.648961631219997,
      "stddev": 0.010787621924320112,
      "median": 19.64792470252,
      "user": 19.642807559999998,
      "system": 0.00280032,
      "min": 19.63357870402,
      "max": 19.66748253902,
      "times": [
        19.63357870402,
        19.64943269902,
        19.664121575019998,
        19.66748253902,
        19.65585069502,
        19.64891317002,
        19.640425840019997,
        19.641434895019998,
        19.641439960019998,
        19.64693623502
      ],
      "memory_usage_byte": [
        2359296,
        2359296,
        2359296,
        2359296,
        2359296,
        2359296,
        2359296,
        2359296,
        2359296,
        2359296
      ],
      "exit_codes": [
        0,
        0,
        0,
        0,
        0,
        0,
        0,
        0,
        0,
        0
      ]
    }
  ]
}
