{
  "results": [
    {
      "command": "./flex_a_and_asb < '../src/main/scala/com/ziplex/benchmark/res/as/20000.txt' > /dev/null",
      "mean": 0.9730943029200001,
      "stddev": 0.0007902977913384782,
      "median": 0.97303351802,
      "user": 0.9700930199999999,
      "system": 0.0027311799999999997,
      "min": 0.97217241852,
      "max": 0.97464260652,
      "times": [
        0.97228323652,
        0.9737995715200001,
        0.97374520052,
        0.97290317952,
        0.97464260652,
        0.97276410552,
        0.97217241852,
        0.9722952785200001,
        0.97316385652,
        0.9731735755200001
      ],
      "memory_usage_byte": [
        2359296,
        2359296,
        2359296,
        2359296,
        2359296,
        2359296,
        2359296,
        2359296,
        2359296,
        2359296
      ],
      "exit_codes": [
        0,
        0,
        0,
        0,
        0,
        0,
        0,
        0,
        0,
        0
      ]
    }
  ]
}
