{
  "results": [
    {
      "command": "./flex_a_and_asb < '../src/main/scala/com/ziplex/benchmark/res/as/57500.txt' > /dev/null",
      "mean": 8.0206374592,
      "stddev": 0.0035029162647065414,
      "median": 8.0200616453,
      "user": 8.016836620000001,
      "system": 0.0022114599999999997,
      "min": 8.0152782158,
      "max": 8.0278474968,
      "times": [
        8.0152782158,
        8.0203076178,
        8.0189527638,
        8.0251413278,
        8.0278474968,
        8.0208236528,
        8.0191402158,
        8.0187600108,
        8.0201871468,
        8.0199361438
      ],
      "memory_usage_byte": [
        2359296,
        2359296,
        2359296,
        2359296,
        2359296,
        2359296,
        2359296,
        2359296,
        2359296,
        2359296
      ],
      "exit_codes": [
        0,
        0,
        0,
        0,
        0,
        0,
        0,
        0,
        0,
        0
      ]
    }
  ]
}
