{
  "results": [
    {
      "command": "./flex_a_and_asb < '../src/main/scala/com/ziplex/benchmark/res/as/42500.txt' > /dev/null",
      "mean": 4.38343923546,
      "stddev": 0.002990939243437727,
      "median": 4.382375205760001,
      "user": 4.3801647599999995,
      "system": 0.0020702999999999997,
      "min": 4.38161197326,
      "max": 4.39176887326,
      "times": [
        4.38197728326,
        4.39176887326,
        4.38229909326,
        4.38161197326,
        4.3827342732600005,
        4.38236905826,
        4.383065554260001,
        4.38231432426,
        4.3823813532600004,
        4.383870568260001
      ],
      "memory_usage_byte": [
        2359296,
        2359296,
        2359296,
        2359296,
        2359296,
        2359296,
        2359296,
        2359296,
        2359296,
        2359296
      ],
      "exit_codes": [
        0,
        0,
        0,
        0,
        0,
        0,
        0,
        0,
        0,
        0
      ]
    }
  ]
}
