{
  "results": [
    {
      "command": "./flex_a_and_asb < '../src/main/scala/com/ziplex/benchmark/res/as/45000.txt' > /dev/null",
      "mean": 4.91307662114,
      "stddev": 0.006611713868588538,
      "median": 4.91027397804,
      "user": 4.910597739999999,
      "system": 0.0014025399999999999,
      "min": 4.90939835604,
      "max": 4.92755663704,
      "times": [
        4.92755663704,
        4.92334543104,
        4.90988904904,
        4.9104144530400005,
        4.91037808104,
        4.91068083304,
        4.90950333004,
        4.91016987504,
        4.90939835604,
        4.90943016604
      ],
      "memory_usage_byte": [
        2359296,
        2359296,
        2359296,
        2359296,
        2359296,
        2359296,
        2359296,
        2359296,
        2359296,
        2359296
      ],
      "exit_codes": [
        0,
        0,
        0,
        0,
        0,
        0,
        0,
        0,
        0,
        0
      ]
    }
  ]
}
