{
  "results": [
    {
      "command": "./flex_a_and_asb < '../src/main/scala/com/ziplex/benchmark/res/as/65000.txt' > /dev/null",
      "mean": 10.248616289340001,
      "stddev": 0.005075002307354219,
      "median": 10.24794836624,
      "user": 10.243584440000001,
      "system": 0.0021846799999999996,
      "min": 10.24155338974,
      "max": 10.25786610074,
      "times": [
        10.24220891674,
        10.25786610074,
        10.24739990974,
        10.24155338974,
        10.248775264739999,
        10.24929365074,
        10.24833071974,
        10.25573984774,
        10.24756601274,
        10.24742908074
      ],
      "memory_usage_byte": [
        2359296,
        2359296,
        2359296,
        2359296,
        2359296,
        2359296,
        2359296,
        2359296,
        2359296,
        2359296
      ],
      "exit_codes": [
        0,
        0,
        0,
        0,
        0,
        0,
        0,
        0,
        0,
        0
      ]
    }
  ]
}
