{
  "results": [
    {
      "command": "./flex_a_and_asb < '../src/main/scala/com/ziplex/benchmark/res/as/800.txt' > /dev/null",
      "mean": 0.0023460593400000005,
      "stddev": 0.0004626936326308394,
      "median": 0.0021992316400000003,
      "user": 0.0019364200000000001,
      "system": 0.0005132439999999998,
      "min": 0.0021483816400000005,
      "max": 0.00365919664,
      "times": [
        0.00365919664,
        0.00220409164,
        0.0022446126400000005,
        0.0022415726400000003,
        0.0021862816400000005,
        0.0021483816400000005,
        0.00219437164,
        0.00217532164,
        0.0021609816400000002,
        0.00224578164
      ],
      "memory_usage_byte": [
        2359296,
        2359296,
        2359296,
        2359296,
        2359296,
        2359296,
        2359296,
        2359296,
        2359296,
        2359296
      ],
      "exit_codes": [
        0,
        0,
        0,
        0,
        0,
        0,
        0,
        0,
        0,
        0
      ]
    }
  ]
}
