{
  "results": [
    {
      "command": "./flex_a_and_asb < '../src/main/scala/com/ziplex/benchmark/res/as/22500.txt' > /dev/null",
      "mean": 1.2314527399000004,
      "stddev": 0.0023527152277786506,
      "median": 1.2308479344,
      "user": 1.2282062400000002,
      "system": 0.0023306,
      "min": 1.2296954659000001,
      "max": 1.2379179919,
      "times": [
        1.2317939709,
        1.2310279709,
        1.2304707129,
        1.2303430989000002,
        1.2313097779,
        1.2311567149,
        1.2306678979,
        1.2296954659000001,
        1.2379179919,
        1.2301437969
      ],
      "memory_usage_byte": [
        2359296,
        2359296,
        2359296,
        2359296,
        2359296,
        2359296,
        2359296,
        2359296,
        2359296,
        2359296
      ],
      "exit_codes": [
        0,
        0,
        0,
        0,
        0,
        0,
        0,
        0,
        0,
        0
      ]
    }
  ]
}
